symbol,industry
20MICRONS,Industrial Minerals
21STCENMGM,Other Capital Market related Services
360ONE,Stockbroking & Allied
3IINFOLTD,Computers - Software & Consulting
3MINDIA,Diversified
3PLAND,Investment Company
5PAISA,Stockbroking & Allied
63MOONS,Computers - Software & Consulting
A2ZINFRA,Civil Construction
AAATECH,Consulting Services
AADHARHFC,Housing Finance Company
AAKASH,Offshore Support Solution Drilling
AARADHYA,Unknown
AAREYDRUGS,Pharmaceuticals
AARON,Industrial Products
AARTECH,Heavy Electrical Equipment
AARTIDRUGS,Pharmaceuticals
AARTIIND,Specialty Chemicals
AARTIPHARM,Pharmaceuticals
AARTISURF,Specialty Chemicals
AARVI,Diversified Commercial Services
AAVAS,Housing Finance Company
ABAN,Offshore Support Solution Drilling
ABB,Heavy Electrical Equipment
ABBOTINDIA,Pharmaceuticals
ABCAPITAL,Investment Company
ABCOTS,Unknown
ABDL,Breweries & Distilleries
ABFRL,Speciality Retail
ABGSEC,ETF
ABHAPOWER,Unknown
ABINFRA,Civil Construction
ABLBL,Speciality Retail
ABMINTLLTD,Trading & Distributors
ABREL,Paper & Paper Products
ABSLAMC,Asset Management Company
ABSLBANETF,ETF
ABSLLIQUID,LIQUID
ABSLNN50ET,ETF
ABSLPSE,ETF
ABSMARINE,Unknown
ACC,Cement & Cement Products
ACCELYA,Computers - Software & Consulting
ACCENTMIC,Unknown
ACCPL,Unknown
ACCURACY,Logistics Solution Provider
ACE,Construction Vehicles
ACEINTEG,Diversified Commercial Services
ACI,Specialty Chemicals
ACL,Cement & Cement Products
ACMESOLAR,Power Generation
ACTIVEINFR,Unknown
ACUTAAS,Pharmaceuticals
ADANIENSOL,Power Distribution
ADANIENT,Trading - Minerals
ADANIGREEN,Power Generation
ADANIPORTS,Port & Port services
ADANIPOWER,Integrated Power Utilities
ADFFOODS,Packaged Foods
ADL,Plywood Boards/ Laminates
ADOR,Other Industrial Products
ADROITINFO,IT Enabled Services
ADSL,IT Enabled Services
ADVANCE,Unknown
ADVANIHOTR,Hotels & Resorts
ADVENTHTL,Unknown
ADVENZYMES,Biotechnology
AEGISLOG,Trading - Gas
AEGISVOPAK,Oil Storage & Transportation
AEQUS,Unknown
AEROENTER,Iron & Steel Products
AEROFLEX,Iron & Steel Products
AERON,Unknown
AERONEU,Unknown
AESTHETIK,Unknown
AETHER,Specialty Chemicals
AFCONS,Civil Construction
AFFLE,IT Enabled Services
AFFORDABLE,Industrial Products
AFIL,Non Banking Financial Company (NBFC)
AFSL,Holding Company
AGARIND,Petrochemicals
AGARWALEYE,Hospital
AGARWALFT,Unknown
AGARWALTUF,Unknown
AGI,Packaging
AGIIL,"Residential, Commercial Projects"
AGNI,Unknown
AGRITECH,Other Agricultural Products
AGROPHOS,Fertilizers
AGUL,Unknown
AHCL,Unknown
AHLADA,"Furniture, Home Furnishing"
AHLEAST,Hotels & Resorts
AHLUCONT,Civil Construction
AIAENG,Castings & Forgings
AIIL,Non Banking Financial Company (NBFC)
AIMTRON,Unknown
AIRAN,IT Enabled Services
AIROLAM,Plywood Boards/ Laminates
AJANTPHARM,Pharmaceuticals
AJAXENGG,Construction Vehicles
AJMERA,"Residential, Commercial Projects"
AJOONI,Animal Feed
AKANKSHA,Unknown
AKASH,Civil Construction
AKG,Trading & Distributors
AKI,Leather And Leather Products
AKIKO,Unknown
AKSHAR,Other Textile Products
AKSHARCHEM,Dyes And Pigments
AKSHOPTFBR,Telecom -  Equipment & Accessories
AKUMS,Pharmaceuticals
AKZOINDIA,Paints
ALANKIT,Diversified Commercial Services
ALBERTDAVD,Pharmaceuticals
ALCODIS,Unknown
ALEMBICLTD,"Residential, Commercial Projects"
ALICON,Auto Components & Equipments
ALIVUS,Pharmaceuticals
ALKALI,Specialty Chemicals
ALKEM,Pharmaceuticals
ALKYLAMINE,Specialty Chemicals
ALLCARGO,Logistics Solution Provider
ALLDIGI,Business Process Outsourcing (BPO)/ Knowledge Process Outsourcing (KPO)
ALLETEC,Unknown
ALLTIME,Unknown
ALMONDZ,Stockbroking & Allied
ALOKINDS,Other Textile Products
ALPA,Pharmaceuticals
ALPEXSOLAR,Unknown
ALPHA,Unknown
ALPHAETF,ETF
ALPHAGEO,Offshore Support Solution Drilling
ALPL30IETF,ETF
ALPSINDUS,Unknown
ALUWIND,Unknown
AMANTA,Unknown
AMBANIORGO,Unknown
AMBER,Household Appliances
AMBEY,Unknown
AMBICAAGAR,Household Products
AMBIKCO,Other Textile Products
AMBUJACEM,Cement & Cement Products
AMCL,Unknown
AMDIND,Packaging
AMEYA,Unknown
AMIABLE,Unknown
AMJLAND,"Residential, Commercial Projects"
AMJUMBO,Unknown
AMNPLST,Commodity Chemicals
AMRUTANJAN,Pharmaceuticals
ANANDRATHI,Financial Products Distributor
ANANTAM,Unknown
ANANTRAJ,"Residential, Commercial Projects"
ANDHRAPAP,Paper & Paper Products
ANDHRSUGAR,Commodity Chemicals
ANGELONE,Stockbroking & Allied
ANIKINDS,Trading & Distributors
ANLON,Unknown
ANMOL,Trading - Coal
ANNAPURNA,Unknown
ANONDITA,Unknown
ANTELOPUS,Unknown
ANTGRAPHIC,Packaging
ANTHEM,Biotechnology
ANUHPHR,Pharmaceuticals
ANUP,Industrial Products
ANURAS,Specialty Chemicals
ANYA,Unknown
ANZEN,Unknown
AONEGOLD,Unknown
AONELIQUID,LIQUID
AONENIFTY,ETF
AONETMMQ50,Unknown
AONETOTAL,ETF
APARINDS,Other Electrical Equipment
APCL,Cement & Cement Products
APCOTEXIND,Rubber
APEX,Seafood
APEXECO,Unknown
APLAPOLLO,Iron & Steel Products
APLLTD,Pharmaceuticals
APOLLO,Aerospace & Defense
APOLLOHOSP,Hospital
APOLLOPIPE,Plastic Products - Industrial
APOLLOTYRE,Tyres & Rubber Products
APOLSINHOT,Hotels & Resorts
APRAMEYA,Unknown
APS,Unknown
APTECHT,Education
APTUS,Housing Finance Company
ARABIAN,Unknown
ARCHIDPLY,Plywood Boards/ Laminates
ARCHIES,Leisure Products
ARCIIL,Unknown
ARE&M,Unknown
ARENTERP,Trading - Minerals
ARFIN,Aluminium
ARHAM,Unknown
ARIES,Fertilizers
ARIHANTCAP,Stockbroking & Allied
ARIHANTSUP,"Residential, Commercial Projects"
ARISINFRA,Other Construction Materials
ARISTO,Unknown
ARKADE,"Residential, Commercial Projects"
ARMANFIN,Non Banking Financial Company (NBFC)
AROGRANITE,Granites & Marbles
ARROWGREEN,Packaging
ARSSBL,Unknown
ARTEMISMED,Hospital
ARTNIRMAN,"Residential, Commercial Projects"
ARUNAYA,Unknown
ARVEE,Specialty Chemicals
ARVIND,Garments & Apparels
ARVINDFASN,Speciality Retail
ARVINDPORT,Unknown
ARVSMART,"Residential, Commercial Projects"
ASAHIINDIA,Auto Components & Equipments
ASAHISONG,Dyes And Pigments
ASAL,Auto Components & Equipments
ASALCBR,Breweries & Distilleries
ASCOM,Unknown
ASHALOG,Unknown
ASHAPURMIN,Industrial Minerals
ASHIANA,"Residential, Commercial Projects"
ASHIMASYN,Other Textile Products
ASHOKA,Civil Construction
ASHOKAMET,Trading - Metals
ASHOKLEY,Commercial Vehicles
ASIANENE,Oil Equipment & Services
ASIANHOTNR,Hotels & Resorts
ASIANPAINT,Paints
ASIANTILES,Ceramics
ASKAUTOLTD,Auto Components & Equipments
ASLIND,Unknown
ASMS,IT Enabled Services
ASPINWALL,Logistics Solution Provider
ASTEC,Pesticides & Agrochemicals
ASTERDM,Hospital
ASTRAL,Plastic Products - Industrial
ASTRAMICRO,Aerospace & Defense
ASTRAZEN,Pharmaceuticals
ASTRON,Paper & Paper Products
ATALREAL,"Residential, Commercial Projects"
ATAM,Industrial Products
ATCENERGY,Unknown
ATGL,LPG/CNG/PNG/LNG Supplier
ATHERENERG,2/3 Wheelers
ATL,Port & Port services
ATLANTAA,Civil Construction
ATLANTAELE,Unknown
ATLASCYCLE,Cycles
ATMASTCO,Unknown
ATUL,Specialty Chemicals
ATULAUTO,Commercial Vehicles
AUBANK,Other Bank
AURIGROW,Unknown
AURIONPRO,Computers - Software & Consulting
AUROIMPEX,Unknown
AUROPHARMA,Pharmaceuticals
AURUM,IT Enabled Services
AUSL,Unknown
AUSOMENT,"Gems, Jewellery And Watches"
AUTOAXLES,Auto Components & Equipments
AUTOBEES,ETF
AUTOIETF,ETF
AUTOIND,Auto Components & Equipments
AVADHSUGAR,Sugar
AVALON,Other Electrical Equipment
AVANTEL,Aerospace & Defense
AVANTIFEED,Animal Feed
AVG,Logistics Solution Provider
AVIANSH,Unknown
AVL,Speciality Retail
AVONMORE,Non Banking Financial Company (NBFC)
AVPINFRA,Unknown
AVROIND,Plastic Products - Consumer
AVTNPL,Other Agricultural Products
AWFIS,Diversified Commercial Services
AWHCL,Waste Management
AWL,Edible Oil
AXISBANK,Private Sector Bank
AXISBNKETF,ETF
AXISBPSETF,ETF
AXISCADES,Aerospace & Defense
AXISCETF,ETF
AXISGOLD,ETF
AXISHCETF,ETF
AXISILVER,ETF
AXISNIFTY,ETF
AXISTECETF,ETF
AXISVALUE,ETF
AXITA,Other Textile Products
AXSENSEX,ETF
AYMSYNTEX,Other Textile Products
AZAD,Heavy Electrical Equipment
BABAFP,Unknown
BAFNAPH,Pharmaceuticals
BAGDIGITAL,Unknown
BAGFILMS,TV Broadcasting & Software Production
BAHETI,Unknown
BAIDFIN,Non Banking Financial Company (NBFC)
BAJAJ-AUTO,Unknown
BAJAJCON,Personal Care
BAJAJELEC,Household Appliances
BAJAJFINSV,Holding Company
BAJAJHCARE,Pharmaceuticals
BAJAJHFL,Housing Finance Company
BAJAJHIND,Sugar
BAJAJHLDNG,Holding Company
BAJAJINDEF,Industrial Products
BAJEL,Heavy Electrical Equipment
BAJFINANCE,Non Banking Financial Company (NBFC)
BALAJEE,Packaging
BALAJIPHOS,Unknown
BALAJITELE,Media & Entertainment
BALAMINES,Specialty Chemicals
BALAXI,Pharmaceuticals
BALKRISHNA,Paper & Paper Products
BALKRISIND,Tyres & Rubber Products
BALMLAWRIE,Diversified
BALPHARMA,Pharmaceuticals
BALRAMCHIN,Sugar
BALUFORGE,Castings & Forgings
BANARBEADS,"Gems, Jewellery And Watches"
BANARISUG,Sugar
BANCOINDIA,Auto Components & Equipments
BANDHANBNK,Private Sector Bank
BANG,Garments & Apparels
BANKA,Civil Construction
BANKADD,Unknown
BANKBARODA,Public Sector Bank
BANKBEES,ETF
BANKBETF,ETF
BANKETF,ETF
BANKIETF,ETF
BANKINDIA,Public Sector Bank
BANKNIFTY1,ETF
BANKPSU,Unknown
BANSALWIRE,Iron & Steel Products
BANSWRAS,Other Textile Products
BARFLEX,Unknown
BASF,Specialty Chemicals
BASILIC,Unknown
BASML,Other Textile Products
BATAINDIA,Footwear
BAWEJA,Unknown
BAYERCROP,Pesticides & Agrochemicals
BBETF0432,ETF
BBL,Other Electrical Equipment
BBNPNBETF,ETF
BBNPPGOLD,ETF
BBOX,IT Enabled Services
BBTC,Packaged Foods
BBTCL,Packaging
BCG,IT Enabled Services
BCLIND,Breweries & Distilleries
BCONCEPTS,Speciality Retail
BDL,Aerospace & Defense
BEACON,Unknown
BEARDSELL,Other Industrial Products
BECTORFOOD,Packaged Foods
BEDMUTHA,Iron & Steel Products
BEL,Aerospace & Defense
BELLACASA,Garments & Apparels
BELRISE,Auto Components & Equipments
BEML,Construction Vehicles
BEPL,Specialty Chemicals
BERGEPAINT,Paints
BESTAGRO,Pesticides & Agrochemicals
BETA,Unknown
BEWLTD,Unknown
BFINVEST,Holding Company
BFSI,ETF
BGRENERGY,Civil Construction
BHADORA,Unknown
BHAGCHEM,Pesticides & Agrochemicals
BHAGERIA,Dyes And Pigments
BHAGYANGR,Copper
BHANDARI,Other Textile Products
BHARATFORG,Auto Components & Equipments
BHARATGEAR,Auto Components & Equipments
BHARATRAS,Pesticides & Agrochemicals
BHARATSE,Auto Components & Equipments
BHARATWIRE,Iron & Steel Products
BHARTIARTL,Telecom - Cellular & Fixed line services
BHARTIHEXA,Telecom - Cellular & Fixed line services
BHEL,Heavy Electrical Equipment
BIGBLOC,Cement & Cement Products
BIKAJI,Packaged Foods
BIL,Leather And Leather Products
BILVYAPAR,Unknown
BIOCON,Pharmaceuticals
BIOFILCHEM,Pharmaceuticals
BIRDYS,Unknown
BIRET,Unknown
BIRLACABLE,Telecom -  Equipment & Accessories
BIRLACORPN,Cement & Cement Products
BIRLAMONEY,Stockbroking & Allied
BIRLANU,"Furniture, Home Furnishing"
BLACKBUCK,Transport Related Services
BLAL,Investment Company
BLBLIMITED,Investment Company
BLISSGVS,Pharmaceuticals
BLKASHYAP,Civil Construction
BLS,"Tour, Travel Related Services"
BLSE,IT Enabled Services
BLUECHIP,Investment Company
BLUECOAST,Hotels & Resorts
BLUEDART,Logistics Solution Provider
BLUEJET,Pharmaceuticals
BLUEPEBBLE,Unknown
BLUESTARCO,Household Appliances
BLUESTONE,Unknown
BLUEWATER,Unknown
BLUSPRING,Diversified Commercial Services
BMWVENTLTD,Unknown
BODALCHEM,Dyes And Pigments
BOHRAIND,Fertilizers
BOMDYEING,Other Textile Products
BORANA,Other Textile Products
BOROLTD,Houseware
BORORENEW,Glass - Industrial
BOROSCI,Glass - Industrial
BOSCHLTD,Auto Components & Equipments
BPCL,Refineries & Marketing
BPL,Consumer Electronics
BRACEPORT,Unknown
BRIGADE,"Residential, Commercial Projects"
BRIGHOTEL,Hotels & Resorts
BRITANNIA,Packaged Foods
BRNL,Civil Construction
BROOKS,Pharmaceuticals
BSE,Exchange and Data Platform
BSE500IETF,ETF
BSHSL,Other Agricultural Products
BSL,Other Textile Products
BSLGOLDETF,ETF
BSLNIFTY,ETF
BSLSENETFG,ETF
BSOFT,Computers - Software & Consulting
BTML,Digital Entertainment
BUTTERFLY,Household Appliances
BVCL,Cement & Cement Products
BYKE,Hotels & Resorts
C2C,Unknown
CADSYS,Unknown
CALSOFT,Computers - Software & Consulting
CAMLINFINE,Specialty Chemicals
CAMPUS,Footwear
CAMS,"Depositories, Clearing Houses and Other Intermediaries"
CANARYS,Unknown
CANBK,Public Sector Bank
CANFINHOME,Housing Finance Company
CANHLIFE,Unknown
CANTABIL,Garments & Apparels
CAPACITE,Civil Construction
CAPILLARY,Unknown
CAPINVIT,Unknown
CAPITALSFB,Other Bank
CAPLIPOINT,Pharmaceuticals
CAPTRUST,Non Banking Financial Company (NBFC)
CARBORUNIV,Abrasives & Bearings
CARERATING,Ratings
CARRARO,Auto Components & Equipments
CARTRADE,E-Retail/ E-Commerce
CARYSIL,Household Appliances
CASHIETF,ETF
CASTROLIND,Lubricants
CCCL,"Residential, Commercial Projects"
CCHHL,Hotels & Resorts
CCL,Tea & Coffee
CDSL,"Depositories, Clearing Houses and Other Intermediaries"
CEATLTD,Tyres & Rubber Products
CEDAAR,Unknown
CEIGALL,Civil Construction
CELEBRITY,Garments & Apparels
CELLECOR,Unknown
CELLO,Houseware
CELLPOINT,Unknown
CEMPRO,Unknown
CENTENKA,Other Textile Products
CENTEXT,"Aluminium, Copper & Zinc Products"
CENTRALBK,Public Sector Bank
CENTRUM,Other Financial Services
CENTUM,Industrial Products
CENTURYPLY,Plywood Boards/ Laminates
CERA,Sanitary Ware
CESC,Integrated Power Utilities
CEWATER,Waste Management
CGCL,Non Banking Financial Company (NBFC)
CGPOWER,Unknown
CGRAPHICS,Unknown
CHALET,Hotels & Resorts
CHAMBLFERT,Fertilizers
CHAMUNDA,Unknown
CHANDAN,Unknown
CHAVDA,Unknown
CHEMBOND,Specialty Chemicals
CHEMBONDCH,Unknown
CHEMCON,Specialty Chemicals
CHEMFAB,Commodity Chemicals
CHEMICAL,Unknown
CHEMPLASTS,Commodity Chemicals
CHENNPETRO,Refineries & Marketing
CHETANA,Unknown
CHEVIOT,Jute & Jute Products
CHOICEGOLD,Unknown
CHOICEIN,Holding Company
CHOLAFIN,Non Banking Financial Company (NBFC)
CHOLAHLDNG,Investment Company
CIEINDIA,Auto Components & Equipments
CIFL,Non Banking Financial Company (NBFC)
CIGNITITEC,IT Enabled Services
CINELINE,"Film Production, Distribution & Exhibition"
CINEVISTA,Media & Entertainment
CIPLA,Pharmaceuticals
CLASSICEIL,Unknown
CLEAN,Specialty Chemicals
CLEDUCATE,Education
CLSEL,Other Agricultural Products
CMNL,Unknown
CMSINFO,Diversified Commercial Services
CNL,Unknown
COALINDIA,Coal
COASTCORP,Seafood
COCHINSHIP,Ship Building & Allied Services
COFFEEDAY,Restaurants
COFORGE,Computers - Software & Consulting
COHANCE,Pharmaceuticals
COLPAL,Personal Care
COMMOIETF,ETF
COMPUSOFT,Education
COMSYN,Packaging
CONCOR,Logistics Solution Provider
CONCORDBIO,Pharmaceuticals
CONFIPET,LPG/CNG/PNG/LNG Supplier
CONNPLEX,Unknown
CONS,Unknown
CONSOFINVT,Non Banking Financial Company (NBFC)
CONSUMBEES,ETF
CONSUMER,ETF
CONSUMIETF,ETF
CONTI,Unknown
CONTROLPR,Computers Hardware & Equipments
COOLCAPS,Unknown
CORALFINAC,Diversified Commercial Services
CORDSCABLE,Cables - Electricals
COROMANDEL,Fertilizers
CORONA,Unknown
COSMOFIRST,Packaging
COUNCODOS,"Residential, Commercial Projects"
CPCAP,Non Banking Financial Company (NBFC)
CPEDU,Unknown
CPPLUS,Industrial Products
CPS,Unknown
CPSEETF,ETF
CRAFTSMAN,Auto Components & Equipments
CRAMC,Unknown
CREATIVEYE,Media & Entertainment
CREDITACC,Microfinance Institutions
CREST,Non Banking Financial Company (NBFC)
CRISIL,Other Financial Services
CRIZAC,Internet & Catalogue Retail
CROMPTON,Household Appliances
CROWN,Industrial Products
CSBBANK,Private Sector Bank
CSLFINANCE,Non Banking Financial Company (NBFC)
CSSL,Unknown
CTE,Computers - Software & Consulting
CUB,Private Sector Bank
CUBEINVIT,Unknown
CUBEXTUB,"Aluminium, Copper & Zinc Products"
CUDML,Unknown
CUMMINSIND,"Compressors, Pumps & Diesel Engines"
CUPID,Personal Care
CURAA,Computers - Software & Consulting
CURIS,Unknown
CYBERMEDIA,Electronic Media
CYBERTECH,Computers - Software & Consulting
CYIENT,IT Enabled Services
CYIENTDLM,Industrial Products
DABUR,Personal Care
DALBHARAT,Cement & Cement Products
DALMIASUG,Sugar
DAMCAPITAL,Stockbroking & Allied
DAMODARIND,Other Textile Products
DANGEE,Packaged Foods
DANISH,Unknown
DATAMATICS,IT Enabled Services
DATAPATTNS,Aerospace & Defense
DAVANGERE,Diversified FMCG
DBCORP,Print Media
DBEIL,Civil Construction
DBL,Civil Construction
DBOL,Sugar
DBREALTY,Hotels & Resorts
DBSTOCKBRO,Stockbroking & Allied
DCAL,Pharmaceuticals
DCBBANK,Private Sector Bank
DCG,Unknown
DCI,Computers Hardware & Equipments
DCM,IT Enabled Services
DCMFINSERV,Investment Company
DCMNVL,Other Textile Products
DCMSHRIRAM,Diversified
DCMSRIND,Sugar
DCW,Petrochemicals
DCXINDIA,Aerospace & Defense
DDEVPLSTIK,Specialty Chemicals
DECCANCE,Cement & Cement Products
DECCANTRAN,Unknown
DEEDEV,Industrial Products
DEEM,Unknown
DEEPAKFERT,Commodity Chemicals
DEEPAKNTR,Specialty Chemicals
DEEPINDS,Oil Equipment & Services
DELAPLEX,Unknown
DELHIVERY,Logistics Solution Provider
DELPHIFX,Other Financial Services
DELTACORP,Amusement Parks/ Other Recreation
DELTAMAGNT,Other Industrial Products
DELTIC,Unknown
DEN,TV Broadcasting & Software Production
DENEERS,Unknown
DENORA,Electrodes & Refractories
DENTA,Water Supply & Management
DENTALKART,Unknown
DEVIT,IT Enabled Services
DEVX,Unknown
DEVYANI,Restaurants
DGCONTENT,Advertising & Media Agencies
DHAMPURSUG,Sugar
DHANBANK,Private Sector Bank
DHANLAXMI,Unknown
DHANUKA,Pesticides & Agrochemicals
DHARIWAL,Unknown
DHARMAJ,Pesticides & Agrochemicals
DHRUV,Consulting Services
DHTL,Unknown
DHUNINV,Non Banking Financial Company (NBFC)
DIACABS,Other Electrical Equipment
DIAMINESQ,Specialty Chemicals
DIAMONDYD,Packaged Foods
DICIND,Printing Inks
DIFFNKG,Other Industrial Products
DIGIDRIVE,E-Retail/ E-Commerce
DIGIKORE,Unknown
DIGISPICE,IT Enabled Services
DIGITIDE,IT Enabled Services
DIGJAMLMTD,Other Textile Products
DIL,Hotels & Resorts
DISHTV,TV Broadcasting & Software Production
DIVGIITTS,Auto Components & Equipments
DIVINEHIRA,Unknown
DIVISLAB,Pharmaceuticals
DIVOPPBEES,ETF
DIVYADHAN,Unknown
DIXON,Consumer Electronics
DJML,Logistics Solution Provider
DKEGL,Unknown
DLF,"Residential, Commercial Projects"
DLINKINDIA,Computers Hardware & Equipments
DMART,Diversified Retail
DMCC,Specialty Chemicals
DNAMEDIA,Electronic Media
DODLA,Dairy Products
DOLATALGO,Stockbroking & Allied
DOLLAR,Garments & Apparels
DOLLEX,Unknown
DOLPHIN,Offshore Support Solution Drilling
DOMS,Stationary
DONEAR,Other Textile Products
DPABHUSHAN,"Gems, Jewellery And Watches"
DPEL,Unknown
DPSCLTD,Integrated Power Utilities
DPWIRES,Iron & Steel Products
DRCSYSTEMS,Computers - Software & Consulting
DREAMFOLKS,Airport & Airport services
DREDGECORP,Dredging
DRONE,Unknown
DRREDDY,Pharmaceuticals
DSSL,IT Enabled Services
DTIL,Tea & Coffee
DUCOL,Unknown
DUCON,Industrial Products
DURLAX,Unknown
DVL,Diversified
DWARKESH,Sugar
DYCL,Cables - Electricals
DYNAMATECH,Industrial Products
DYNAMIC,Unknown
DYNPRO,Specialty Chemicals
E2E,IT Enabled Services
EASEMYTRIP,"Tour, Travel Related Services"
EASTSILK,Unknown
EBANKNIFTY,ETF
EBBETF0430,ETF
EBBETF0431,ETF
EBBETF0433,ETF
EBGNG,Computers Hardware & Equipments
ECAPINSURE,ETF
ECLERX,Business Process Outsourcing (BPO)/ Knowledge Process Outsourcing (KPO)
ECOSMOBLTY,Road Transport
EDELWEISS,Holding Company
EEPL,Unknown
EFACTOR,Unknown
EFCIL,Unknown
EFFWA,Unknown
EFORCE,Unknown
EGOLD,ETF
EICHERMOT,2/3 Wheelers
EIDPARRY,Other Food Products
EIEL,Water Supply & Management
EIFFL,Packaged Foods
EIHAHOTELS,Hotels & Resorts
EIHOTEL,Hotels & Resorts
EIMCOELECO,Industrial Products
EKC,Industrial Products
ELDEHSG,"Residential, Commercial Projects"
ELECON,Heavy Electrical Equipment
ELECTCAST,Iron & Steel Products
ELECTHERM,Iron & Steel Products
ELGIEQUIP,"Compressors, Pumps & Diesel Engines"
ELGIRUBCO,Rubber
ELGNZ,Unknown
ELIN,Household Appliances
ELIQUID,Unknown
ELLEN,Industrial Gases
ELM250,Unknown
EMAMILTD,Personal Care
EMAMIPAP,Paper & Paper Products
EMAMIREAL,"Residential, Commercial Projects"
EMAPARTNER,Unknown
EMBASSY,Unknown
EMBDL,"Residential, Commercial Projects"
EMCURE,Pharmaceuticals
EMIL,Diversified Retail
EMKAY,Stockbroking & Allied
EMKAYTOOLS,Unknown
EMMBI,Packaging
EMMIL,Unknown
EMMVEE,Unknown
EMSLIMITED,Waste Management
EMUDHRA,IT Enabled Services
EMULTIMQ,ETF
ENCOMPAS,Unknown
ENDURANCE,Auto Components & Equipments
ENERGY,Unknown
ENERGYDEV,Power Generation
ENFUSE,Unknown
ENGINERSIN,Civil Construction
ENIFTY,Unknown
ENIL,Media & Entertainment
ENRIN,Heavy Electrical Equipment
ENSER,Unknown
ENTERO,Pharmacy Retail
ENVIRO,Unknown
EPACK,Household Appliances
EPACKPEB,Unknown
EPIGRAL,Specialty Chemicals
EPL,Packaging
EQUAL200,ETF
EQUAL50,ETF
EQUAL50ADD,ETF
EQUIPPP,Unknown
EQUITASBNK,Other Bank
ERIS,Pharmaceuticals
ESABINDIA,Other Industrial Products
ESAFSFB,Other Bank
ESCONET,Unknown
ESCORTS,Tractors
ESENSEX,Unknown
ESFL,Unknown
ESG,ETF
ESILVER,ETF
ESSARSHPNG,Shipping
ESSENTIA,Trading & Distributors
ESTER,Packaging
ETERNAL,E-Retail/ E-Commerce
ETHOSLTD,"Gems, Jewellery And Watches"
ETL,Unknown
ETML,Unknown
EUREKAFORB,Household Appliances
EUROBOND,"Aluminium, Copper & Zinc Products"
EUROPRATIK,Unknown
EUROTEXIND,Other Textile Products
EVEREADY,Household Products
EVERESTIND,Other Construction Materials
EVIETF,ETF
EVINDIA,ETF
EXCEL,Trading & Distributors
EXCELINDUS,Specialty Chemicals
EXCELLENT,Unknown
EXCELSOFT,Unknown
EXICOM,Heavy Electrical Equipment
EXIDEIND,Auto Components & Equipments
EXPLEOSOL,IT Enabled Services
EXXARO,Ceramics
FABTECH,Unknown
FACT,Fertilizers
FAIRCHEMOR,Specialty Chemicals
FALCONTECH,Unknown
FAZE3Q,Other Textile Products
FCL,Specialty Chemicals
FCONSUMER,Unknown
FCSSOFT,IT Enabled Services
FDC,Pharmaceuticals
FEDERALBNK,Private Sector Bank
FEDFINA,Non Banking Financial Company (NBFC)
FELIX,Unknown
FIBERWEB,Other Textile Products
FIDEL,Unknown
FIEMIND,Auto Components & Equipments
FILATEX,Other Textile Products
FILATFASH,Garments & Apparels
FINBUD,Unknown
FINCABLES,Cables - Electricals
FINEORG,Specialty Chemicals
FINIETF,ETF
FINKURVE,Unknown
FINOPB,Other Bank
FINPIPE,Plastic Products - Industrial
FIRSTCRY,E-Retail/ E-Commerce
FISCHER,Medical Equipment & Supplies
FIVESTAR,Non Banking Financial Company (NBFC)
FLAIR,Stationary
FLEXIADD,Unknown
FLEXITUFF,Unknown
FLUOROCHEM,Specialty Chemicals
FLYSBS,Unknown
FMCGIETF,ETF
FMGOETZE,Auto Components & Equipments
FMNL,Diversified Commercial Services
FOCUS,Consumer Electronics
FONEBOX,Unknown
FOODSIN,Packaged Foods
FORCAS,Unknown
FORCEMOT,Passenger Cars & Utility Vehicles
FORGEAUTO,Unknown
FORTIS,Hospital
FOSECOIND,Specialty Chemicals
FRESHARA,Unknown
FROG,Unknown
FSL,Business Process Outsourcing (BPO)/ Knowledge Process Outsourcing (KPO)
FUSION,Microfinance Institutions
FWSTC,Unknown
GABRIEL,Auto Components & Equipments
GAEL,Other Agricultural Products
GAIL,Gas Transmission/Marketing
GAJANAND,Unknown
GALAPREC,Industrial Products
GALAXYSURF,Specialty Chemicals
GALLANTT,Iron & Steel Products
GANDHAR,Lubricants
GANDHITUBE,Iron & Steel Products
GANECOS,Other Textile Products
GANESHBE,Oil Storage & Transportation
GANESHCP,Unknown
GANESHHOU,Unknown
GANESHIN,Unknown
GANGABATH,Unknown
GANGAFORGE,Castings & Forgings
GANGESSECU,Tea & Coffee
GARFIBRES,Other Textile Products
GARUDA,Civil Construction
GATECH,Other Financial Services
GATECHDVR,Other Financial Services
GATEWAY,Logistics Solution Provider
GAYAHWS,"Road AssetsToll, Annuity, Hybrid-Annuity"
GCHOTELS,Unknown
GCSL,Unknown
GEECEE,"Residential, Commercial Projects"
GEEKAYWIRE,Other Electrical Equipment
GEMAROMA,Unknown
GENCON,"Residential, Commercial Projects"
GENESYS,IT Enabled Services
GENUSPAPER,Paper & Paper Products
GENUSPOWER,Other Electrical Equipment
GEOJITFSL,Stockbroking & Allied
GESHIP,Shipping
GFLLIMITED,Holding Company
GFSTEELS,Unknown
GGBL,Unknown
GHCL,Commodity Chemicals
GHCLTEXTIL,Other Textile Products
GICHSGFIN,Housing Finance Company
GICL,Unknown
GICRE,General Insurance
GILLANDERS,Tea & Coffee
GILLETTE,Personal Care
GILT5YBEES,ETF
GINNIFILA,Other Textile Products
GIPCL,Power Generation
GIRIRAJ,Unknown
GKENERGY,Unknown
GKWLIMITED,Investment Company
GLAND,Pharmaceuticals
GLAXO,Pharmaceuticals
GLENMARK,Pharmaceuticals
GLOBAL,Education
GLOBALE,Trading - Textile Products
GLOBALVECT,Airline
GLOBE,Other Textile Products
GLOBECIVIL,Civil Construction
GLOBUSSPR,Breweries & Distilleries
GLOSTERLTD,Jute & Jute Products
GLOTTIS,Unknown
GMBREW,Breweries & Distilleries
GMDCLTD,Industrial Minerals
GML,Unknown
GMMPFAUDLR,Industrial Products
GMRAIRPORT,Airport & Airport services
GMRP&UI,Unknown
GNA,Auto Components & Equipments
GNFC,Commodity Chemicals
GOACARBON,Industrial Minerals
GOCLCORP,Explosives
GOCOLORS,Speciality Retail
GODAVARIB,Diversified FMCG
GODFRYPHLP,Cigarettes & Tobacco Products
GODIGIT,General Insurance
GODREJAGRO,Animal Feed
GODREJCP,Personal Care
GODREJIND,Diversified
GODREJPROP,"Residential, Commercial Projects"
GOKEX,Garments & Apparels
GOKUL,Edible Oil
GOKULAGRO,Edible Oil
GOLD1,ETF
GOLD360,ETF
GOLDADD,Unknown
GOLDBEES,ETF
GOLDBND,Unknown
GOLDCASE,ETF
GOLDETF,ETF
GOLDIAM,"Gems, Jewellery And Watches"
GOLDIETF,ETF
GOLDSHARE,ETF
GOLDSTAR,Unknown
GOLDTECH,Software Products
GOODLUCK,Iron & Steel Products
GOPAL,Packaged Foods
GOYALALUM,Trading & Distributors
GOYALSALT,Unknown
GPECO,Unknown
GPIL,Iron & Steel Products
GPPL,Port & Port services
GPTHEALTH,Hospital
GPTINFRA,Civil Construction
GRANULES,Pharmaceuticals
GRAPHISAD,Unknown
GRAPHITE,Electrodes & Refractories
GRASIM,Cement & Cement Products
GRAVITA,Industrial Minerals
GRCL,Unknown
GREAVESCOT,"Compressors, Pumps & Diesel Engines"
GREENCHEF,Unknown
GREENLAM,Plywood Boards/ Laminates
GREENLEAF,Unknown
GREENPANEL,Plywood Boards/ Laminates
GREENPLY,Plywood Boards/ Laminates
GREENPOWER,Power Generation
GRETEX,Unknown
GRINDWELL,Abrasives & Bearings
GRINFRA,Civil Construction
GRMOVER,Other Agricultural Products
GROBTEA,Tea & Coffee
GROWW,Unknown
GROWWCAPM,Unknown
GROWWDEFNC,ETF
GROWWEV,ETF
GROWWGOLD,ETF
GROWWLIQID,ETF
GROWWLOVOL,ETF
GROWWMC150,Unknown
GROWWMOM50,ETF
GROWWN200,ETF
GROWWNET,ETF
GROWWNIFTY,ETF
GROWWNXT50,Unknown
GROWWPOWER,Unknown
GROWWRAIL,ETF
GROWWRLTY,Unknown
GROWWSC250,Unknown
GROWWSLVR,ETF
GRPLTD,Rubber
GRSE,Aerospace & Defense
GRWRHITECH,Plastic Products - Industrial
GSEC10ABSL,ETF
GSEC10IETF,ETF
GSEC10YEAR,ETF
GSEC5IETF,ETF
GSFC,Fertilizers
GSLSU,Granites & Marbles
GSMFOILS,Unknown
GSPL,Gas Transmission/Marketing
GSS,IT Enabled Services
GSTL,Unknown
GTECJAINX,E-Learning
GTL,Other Telecom Services
GTLINFRA,Telecom - Infrastructure
GTPL,TV Broadcasting & Software Production
GUFICBIO,Pharmaceuticals
GUJALKALI,Commodity Chemicals
GUJAPOLLO,Industrial Products
GUJGASLTD,LPG/CNG/PNG/LNG Supplier
GUJRAFFIA,Packaging
GUJTHEM,Pharmaceuticals
GULFOILLUB,Lubricants
GULFPETRO,Lubricants
GULPOLY,Other Agricultural Products
GURUNANAK,Unknown
GVKPIL,Unknown
GVPIL,Unknown
GVPTECH,Computers - Software & Consulting
GVT&D,Unknown
HAL,Aerospace & Defense
HALEOSLABS,Unknown
HAPPSTMNDS,Computers - Software & Consulting
HAPPYFORGE,Castings & Forgings
HARDWYN,"Furniture, Home Furnishing"
HARIOMPIPE,Iron & Steel Products
HARRMALAYA,Rubber
HARSHA,Other Industrial Products
HATHWAY,TV Broadcasting & Software Production
HATSUN,Dairy Products
HAVELLS,Consumer Electronics
HAVISHA,Hotels & Resorts
HBLENGINE,Other Industrial Products
HBSL,Non Banking Financial Company (NBFC)
HCC,Civil Construction
HCC-RE1,Unknown
HCG,Hospital
HCL-INSYS,Unknown
HCLTECH,Computers - Software & Consulting
HDBFS,Non Banking Financial Company (NBFC)
HDFCAMC,Asset Management Company
HDFCBANK,Private Sector Bank
HDFCBSE500,Unknown
HDFCGOLD,ETF
HDFCGROWTH,ETF
HDFCLIFE,Life Insurance
HDFCLIQUID,LIQUID
HDFCLOWVOL,ETF
HDFCMID150,ETF
HDFCMOMENT,ETF
HDFCNEXT50,ETF
HDFCNIF100,ETF
HDFCNIFBAN,ETF
HDFCNIFIT,ETF
HDFCNIFTY,ETF
HDFCPSUBK,ETF
HDFCPVTBAN,ETF
HDFCQUAL,ETF
HDFCSENSEX,ETF
HDFCSILVER,ETF
HDFCSML250,ETF
HDFCVALUE,ETF
HEADSUP,Trading - Textile Products
HEALTHADD,ETF
HEALTHIETF,ETF
HEALTHY,ETF
HECPROJECT,Civil Construction
HEG,Electrodes & Refractories
HEIDELBERG,Cement & Cement Products
HEMIPROP,Diversified Commercial Services
HERANBA,Pesticides & Agrochemicals
HERCULES,Industrial Products
HERITGFOOD,Dairy Products
HEROMOTOCO,2/3 Wheelers
HESTERBIO,Pharmaceuticals
HEUBACHIND,Dyes And Pigments
HEXATRADEX,Investment Company
HEXT,Computers - Software & Consulting
HFCL,Telecom - Infrastructure
HGINFRA,Civil Construction
HGM,Unknown
HGS,Business Process Outsourcing (BPO)/ Knowledge Process Outsourcing (KPO)
HIGREEN,Unknown
HIKAL,Pharmaceuticals
HILINFRA,Unknown
HILTON,Castings & Forgings
HIMATSEIDE,Other Textile Products
HINDALCO,Aluminium
HINDCOMPOS,Auto Components & Equipments
HINDCON,Specialty Chemicals
HINDCOPPER,Copper
HINDOILEXP,Oil Exploration & Production
HINDPETRO,Refineries & Marketing
HINDUNILVR,Diversified FMCG
HINDWAREAP,Sanitary Ware
HINDZINC,Zinc
HIRECT,Industrial Products
HISARMETAL,Iron & Steel Products
HITECH,Iron & Steel Products
HITECHCORP,Packaging
HITECHGEAR,Unknown
HLEGLAS,Industrial Products
HLVLTD,Hotels & Resorts
HMAAGRO,Meat Products including Poultry
HMVL,Print Media
HNDFDS,Diversified FMCG
HNGSNGBEES,ETF
HOACFOODS,Unknown
HOLMARC,Unknown
HOMEFIRST,Housing Finance Company
HONASA,Personal Care
HONAUT,Industrial Products
HONDAPOWER,Industrial Products
HPAL,Specialty Chemicals
HPIL,Dyes And Pigments
HPL,Industrial Products
HPTL,Unknown
HRHNEXT,Unknown
HSCL,Carbon Black
HTMEDIA,Print Media
HUBTOWN,"Residential, Commercial Projects"
HUDCO,Financial Institution
HUHTAMAKI,Packaging
HVAX,Unknown
HYBRIDFIN,Stockbroking & Allied
HYUNDAI,Passenger Cars & Utility Vehicles
IBLFL,Unknown
IBULLSLTD,Unknown
ICDSLTD,Diversified Commercial Services
ICEMAKE,Industrial Products
ICICIB22,ETF
ICICIBANK,Private Sector Bank
ICICIGI,General Insurance
ICICIPRULI,Life Insurance
ICIL,Other Textile Products
ICRA,Ratings
IDBI,Private Sector Bank
IDEA,Telecom - Cellular & Fixed line services
IDEAFORGE,Aerospace & Defense
IDENTICAL,Unknown
IDFCFIRSTB,Private Sector Bank
IDFNIFTYET,ETF
IEML,Unknown
IEX,Exchange and Data Platform
IFBAGRO,Breweries & Distilleries
IFBIND,Household Appliances
IFCI,Financial Institution
IFGLEXPOR,Electrodes & Refractories
IGARASHI,Auto Components & Equipments
IGCL,Pesticides & Agrochemicals
IGIL,Diversified Commercial Services
IGL,LPG/CNG/PNG/LNG Supplier
IGPL,Commodity Chemicals
IIFL,Non Banking Financial Company (NBFC)
IIFLCAPS,Stockbroking & Allied
IITL,Investment Company
IKIO,Consumer Electronics
IKS,IT Enabled Services
IMAGICAA,Amusement Parks/ Other Recreation
IMFA,Ferro & Silica Manganese
IMPAL,Trading - Auto components
INCREDIBLE,Iron & Steel Products
INDBANK,Stockbroking & Allied
INDGN,"Healthcare Research, Analytics & Technology"
INDHOTEL,Hotels & Resorts
INDIACEM,Cement & Cement Products
INDIAGLYCO,Breweries & Distilleries
INDIAMART,Internet & Catalogue Retail
INDIANB,Public Sector Bank
INDIANCARD,Other Textile Products
INDIANHUME,Industrial Products
INDIASHLTR,Housing Finance Company
INDIFRA,Unknown
INDIGO,Airline
INDIGOPNTS,Paints
INDIGRID,Unknown
INDIQUBE,Diversified Commercial Services
INDNIPPON,Auto Components & Equipments
INDOAMIN,Specialty Chemicals
INDOBORAX,Commodity Chemicals
INDOCO,Pharmaceuticals
INDOFARM,Tractors
INDORAMA,Other Textile Products
INDOSTAR,Non Banking Financial Company (NBFC)
INDOTECH,Heavy Electrical Equipment
INDOTHAI,Stockbroking & Allied
INDOUS,Other Agricultural Products
INDOWIND,Power Generation
INDRAMEDCO,Hospital
INDSWFTLAB,Pharmaceuticals
INDTERRAIN,Garments & Apparels
INDUSINDBK,Private Sector Bank
INDUSINVIT,Unknown
INDUSTOWER,Telecom - Infrastructure
INFIBEAM,Financial Technology (Fintech)
INFINIUM,Unknown
INFLUX,Unknown
INFOBEAN,Computers - Software & Consulting
INFOLLION,Unknown
INFOMEDIA,Printing & Publication
INFRABEES,ETF
INFRAIETF,ETF
INFY,Computers - Software & Consulting
INGERRAND,"Compressors, Pumps & Diesel Engines"
INM,Unknown
INNOMET,Unknown
INNOVACAP,Pharmaceuticals
INNOVANA,Computers - Software & Consulting
INOXGREEN,Power Generation
INOXINDIA,Other Industrial Products
INOXWIND,Heavy Electrical Equipment
INSECTICID,Pesticides & Agrochemicals
INSPIRISYS,IT Enabled Services
INTEGRITY,Unknown
INTELLECT,Computers - Software & Consulting
INTENTECH,IT Enabled Services
INTERARCH,Civil Construction
INTERNET,Unknown
INTLCONV,Industrial Products
INVENTURE,Stockbroking & Allied
INVICTA,Unknown
IOB,Public Sector Bank
IOC,Refineries & Marketing
IOLCP,Pharmaceuticals
IONEXCHANG,Water Supply & Management
IPCALAB,Pharmaceuticals
IPHL,Unknown
IPL,Pesticides & Agrochemicals
IPSL,Unknown
IRB,Civil Construction
IRBINVIT,Unknown
IRCON,Civil Construction
IRCTC,"Tour, Travel Related Services"
IREDA,Financial Institution
IRFC,Financial Institution
IRIS,Software Products
IRISDOREME,Garments & Apparels
IRMENERGY,LPG/CNG/PNG/LNG Supplier
ISFT,E-Retail/ E-Commerce
ISGEC,Civil Construction
ISHAN,Unknown
ISHANCH,Specialty Chemicals
IT,ETF
ITADD,Unknown
ITBEES,ETF
ITC,Diversified FMCG
ITCHOTELS,Hotels & Resorts
ITDC,Hotels & Resorts
ITETF,ETF
ITI,Telecom -  Equipment & Accessories
ITIETF,ETF
ITTL,Unknown
IVALUE,Unknown
IVC,Asset Management Company
IVP,Specialty Chemicals
IVZINGOLD,ETF
IVZINNIFTY,ETF
IWARE,Unknown
IXIGO,"Tour, Travel Related Services"
IZMO,IT Enabled Services
J&KBANK,Unknown
JAGRAN,Print Media
JAGSNPHARM,Pharmaceuticals
JAIBALAJI,Iron & Steel
JAICORPLTD,Plastic Products - Industrial
JAINIK,Unknown
JAINREC,Unknown
JAIPURKURT,Garments & Apparels
JALAN,Unknown
JAMNAAUTO,Auto Components & Equipments
JARO,Unknown
JASH,Industrial Products
JAYAGROGN,Specialty Chemicals
JAYBARMARU,Auto Components & Equipments
JAYBEE,Unknown
JAYESH,Unknown
JAYKAY,Unknown
JAYNECOIND,Iron & Steel Products
JAYSREETEA,Tea & Coffee
JBCHEPHARM,Pharmaceuticals
JBMA,Auto Components & Equipments
JCHAC,Household Appliances
JETFREIGHT,Logistics Solution Provider
JEYYAM,Unknown
JFLLIFE,Unknown
JGCHEM,Commodity Chemicals
JHS,Personal Care
JINDALPHOT,Investment Company
JINDALPOLY,Packaging
JINDALSAW,Iron & Steel Products
JINDALSTEL,Iron & Steel
JINDRILL,Offshore Support Solution Drilling
JINDWORLD,Other Textile Products
JIOFIN,Investment Company
JISLDVREQS,Plastic Products - Industrial
JISLJALEQS,Plastic Products - Industrial
JITFINFRA,Water Supply & Management
JIWANRAM,Unknown
JKCEMENT,Cement & Cement Products
JKIL,Civil Construction
JKIPL,Unknown
JKLAKSHMI,Cement & Cement Products
JKPAPER,Paper & Paper Products
JKTYRE,Tyres & Rubber Products
JLHL,Hospital
JMA,Trading - Auto components
JMFINANCIL,Holding Company
JNKINDIA,Industrial Products
JOCIL,Commodity Chemicals
JPASSOCIAT,Unknown
JPOLYINVST,Investment Company
JPPOWER,Power Generation
JSFB,Other Bank
JSL,Iron & Steel
JSLL,Unknown
JSWCEMENT,Unknown
JSWENERGY,Power Generation
JSWHL,Investment Company
JSWINFRA,Port & Port services
JSWSTEEL,Iron & Steel
JTEKTINDIA,Auto Components & Equipments
JTLIND,Iron & Steel Products
JUBLCPL,Specialty Chemicals
JUBLFOOD,Restaurants
JUBLINGREA,Specialty Chemicals
JUBLPHARMA,Pharmaceuticals
JUNIORBEES,ETF
JUNIPER,Hotels & Resorts
JUSTDIAL,Internet & Catalogue Retail
JWL,Railway Wagons
JYOTHYLAB,Household Products
JYOTICNC,Industrial Products
JYOTIGLOBL,Unknown
JYOTISTRUC,Heavy Electrical Equipment
K2INFRA,Unknown
KABRAEXTRU,Industrial Products
KAJARIACER,Ceramics
KAKATCEM,Cement & Cement Products
KALAMANDIR,Speciality Retail
KALANA,Unknown
KALPATARU,"Residential, Commercial Projects"
KALYANIFRG,Castings & Forgings
KALYANKJIL,"Gems, Jewellery And Watches"
KAMATHOTEL,Hotels & Resorts
KAMDHENU,Iron & Steel Products
KAMOPAINTS,Paints
KANANIIND,"Gems, Jewellery And Watches"
KANDARP,Unknown
KANORICHEM,Industrial Products
KANPRPLA,Packaging
KANSAINER,Paints
KAPSTON,Diversified Commercial Services
KARMAENG,Power Generation
KARNIKA,Unknown
KARURVYSYA,Private Sector Bank
KATARIA,Unknown
KAUSHALYA,Hotels & Resorts
KAVDEFENCE,Unknown
KAYA,Wellness
KAYNES,Industrial Products
KAYTEX,Unknown
KCEIL,Unknown
KCP,Cement & Cement Products
KCPSUGIND,Sugar
KDDL,"Gems, Jewellery And Watches"
KDL,Unknown
KEC,Civil Construction
KECL,Other Electrical Equipment
KEEPLEARN,Education
KEI,Cables - Electricals
KELLTONTEC,IT Enabled Services
KEN,Unknown
KERNEX,Transport Related Services
KESORAMIND,Cement & Cement Products
KEYFINSERV,Stockbroking & Allied
KFINTECH,"Depositories, Clearing Houses and Other Intermediaries"
KHADIM,Footwear
KHAICHEM,Fertilizers
KHAITANLTD,Consumer Electronics
KHANDSE,Stockbroking & Allied
KHFM,Unknown
KICL,Investment Company
KILITCH,Pharmaceuticals
KIMS,Hospital
KINGFA,Plastic Products - Industrial
KIOCL,Sponge Iron
KIRIINDUS,Dyes And Pigments
KIRLOSBROS,"Compressors, Pumps & Diesel Engines"
KIRLOSENG,"Compressors, Pumps & Diesel Engines"
KIRLOSIND,Other Industrial Products
KIRLPNU,"Compressors, Pumps & Diesel Engines"
KITEX,Garments & Apparels
KKCL,Garments & Apparels
KKJEWELS,Unknown
KLL,Unknown
KMEW,Dredging
KMSUGAR,Sugar
KNAGRI,Unknown
KNRCON,Civil Construction
KODYTECH,Unknown
KOHINOOR,Other Agricultural Products
KOKUYOCMLN,Stationary
KOLTEPATIL,"Residential, Commercial Projects"
KONSTELEC,Unknown
KONTOR,Unknown
KOPRAN,Pharmaceuticals
KORE,Unknown
KOTAKBANK,Private Sector Bank
KOTARISUG,Sugar
KOTHARIPET,Petrochemicals
KOTHARIPRO,Trading & Distributors
KOTYARK,Unknown
KPEL,Power Generation
KPIGREEN,Power Generation
KPIL,Civil Construction
KPITTECH,Computers - Software & Consulting
KPRMILL,Other Textile Products
KRBL,Other Agricultural Products
KREBSBIO,Pharmaceuticals
KRIDHANINF,Civil Construction
KRISHANA,Fertilizers
KRISHCA,Unknown
KRISHIVAL,Unknown
KRISHNADEF,Unknown
KRITI,Plastic Products - Industrial
KRITIKA,Iron & Steel Products
KRITINUT,Edible Oil
KRN,Other Industrial Products
KRONOX,Specialty Chemicals
KROSS,Auto Components & Equipments
KRSNAA,Healthcare Service Provider
KRT,Unknown
KRYSTAL,Diversified Commercial Services
KSB,"Compressors, Pumps & Diesel Engines"
KSCL,Other Agricultural Products
KSHITIJPOL,Printing Inks
KSL,Iron & Steel Products
KSOLVES,Computers - Software & Consulting
KSR,Unknown
KTKBANK,Private Sector Bank
KUANTUM,Paper & Paper Products
LAGNAM,Other Textile Products
LAKSHYA,Unknown
LAL,Garments & Apparels
LALPATHLAB,Healthcare Service Provider
LAMBODHARA,Other Textile Products
LAMOSAIC,Unknown
LANCORHOL,"Residential, Commercial Projects"
LANDMARK,Auto Dealer
LAOPALA,Glass - Consumer
LASA,Pharmaceuticals
LATENTVIEW,Computers - Software & Consulting
LATTEYS,"Compressors, Pumps & Diesel Engines"
LAURUSLABS,Pharmaceuticals
LAWSIKHO,Unknown
LAXMICOT,Other Textile Products
LAXMIDENTL,Medical Equipment & Supplies
LAXMIINDIA,Non Banking Financial Company (NBFC)
LCCINFOTEC,Education
LEMERITE,Unknown
LEMONTREE,Hotels & Resorts
LENSKART,Unknown
LEXUS,"Furniture, Home Furnishing"
LFIC,Investment Company
LGBBROSLTD,Auto Components & Equipments
LGEINDIA,Unknown
LGHL,"Gems, Jewellery And Watches"
LIBAS,Garments & Apparels
LIBERTSHOE,Footwear
LICHSGFIN,Housing Finance Company
LICI,Life Insurance
LICMFGOLD,ETF
LICNETFGSC,ETF
LICNETFN50,ETF
LICNETFSEN,ETF
LICNFNHGP,ETF
LICNMID100,ETF
LIKHITHA,Civil Construction
LINC,Stationary
LINCOLN,Pharmaceuticals
LINDEINDIA,Industrial Gases
LIQGRWBEES,LIQUID
LIQUID,LIQUID
LIQUID1,LIQUID
LIQUIDADD,LIQUID
LIQUIDBEES,LIQUID
LIQUIDBETF,LIQUID
LIQUIDCASE,LIQUID
LIQUIDETF,LIQUID
LIQUIDIETF,LIQUID
LIQUIDPLUS,LIQUID
LIQUIDSBI,LIQUID
LIQUIDSHRI,LIQUID
LLOYDS,Unknown
LLOYDSENGG,Industrial Products
LLOYDSENT,Trading - Metals
LLOYDSME,Industrial Minerals
LMW,Industrial Products
LODHA,"Residential, Commercial Projects"
LOKESHMACH,Industrial Products
LORDSCHLO,Commodity Chemicals
LOTUSDEV,Unknown
LOTUSEYE,Hospital
LOVABLE,Garments & Apparels
LOWVOL,ETF
LOWVOL1,ETF
LOWVOLIETF,ETF
LOYALTEX,Other Textile Products
LPDC,Real Estate related services
LRRPL,Unknown
LT,Civil Construction
LTF,Non Banking Financial Company (NBFC)
LTFOODS,Other Agricultural Products
LTGILTBEES,ETF
LTGILTCASE,Unknown
LTIM,Computers - Software & Consulting
LTTS,IT Enabled Services
LUMAXIND,Auto Components & Equipments
LUMAXTECH,Auto Components & Equipments
LUPIN,Pharmaceuticals
LUXIND,Garments & Apparels
LXCHEM,Specialty Chemicals
LYKALABS,Pharmaceuticals
LYPSAGEMS,"Gems, Jewellery And Watches"
M&M,Unknown
M&MFIN,Unknown
MAANALU,Aluminium
MACOBSTECH,Unknown
MACPOWER,Industrial Products
MADHAV,Granites & Marbles
MADHAVBAUG,Unknown
MADHUCON,Civil Construction
MADHUSUDAN,Unknown
MADRASFERT,Fertilizers
MAFANG,ETF
MAGADSUGAR,Sugar
MAGNUM,Paper & Paper Products
MAGSON,Unknown
MAHABANK,Public Sector Bank
MAHAPEXLTD,Other Financial Services
MAHASTEEL,Unknown
MAHEPC,Industrial Products
MAHESHWARI,Diversified
MAHICKRA,Unknown
MAHKTECH,ETF
MAHLIFE,"Residential, Commercial Projects"
MAHLOG,Logistics Solution Provider
MAHSCOOTER,Investment Company
MAHSEAMLES,Iron & Steel Products
MAITHANALL,Ferro & Silica Manganese
MAITREYA,Unknown
MAKEINDIA,Unknown
MAKS,Unknown
MAL,Unknown
MALLCOM,Other Industrial Products
MALUPAPER,Paper & Paper Products
MAMATA,Industrial Products
MANAKALUCO,Aluminium
MANAKCOAT,Iron & Steel Products
MANAKSIA,Iron & Steel Products
MANAKSTEEL,Iron & Steel
MANALIPETC,Petrochemicals
MANAPPURAM,Non Banking Financial Company (NBFC)
MANBA,Non Banking Financial Company (NBFC)
MANCREDIT,Non Banking Financial Company (NBFC)
MANGALAM,Pharmaceuticals
MANGLMCEM,Cement & Cement Products
MANINDS,Iron & Steel Products
MANINFRA,Civil Construction
MANKIND,Pharmaceuticals
MANOMAY,Other Textile Products
MANORAMA,Other Food Products
MANORG,Commodity Chemicals
MANUFGBEES,Unknown
MANUGRAPH,Industrial Products
MANYAVAR,Speciality Retail
MAPMYINDIA,Software Products
MARALOVER,Other Textile Products
MARATHON,"Residential, Commercial Projects"
MARCO,Unknown
MARICO,Edible Oil
MARINE,Industrial Products
MARKOLINES,Unknown
MARKSANS,Pharmaceuticals
MARUTI,Passenger Cars & Utility Vehicles
MASFIN,Non Banking Financial Company (NBFC)
MASKINVEST,Investment Company
MASON,Unknown
MASPTOP50,ETF
MASTEK,Computers - Software & Consulting
MASTERTR,Stockbroking & Allied
MATRIMONY,Internet & Catalogue Retail
MAWANASUG,Sugar
MAXESTATES,"Residential, Commercial Projects"
MAXHEALTH,Hospital
MAXIND,Holding Company
MAXPOSURE,Unknown
MAXVOLT,Unknown
MAYURUNIQ,Leather And Leather Products
MAZDA,Industrial Products
MAZDOCK,Ship Building & Allied Services
MBAPL,Fertilizers
MBEL,Unknown
MBLINFRA,Civil Construction
MCL,"Aluminium, Copper & Zinc Products"
MCLEODRUSS,Tea & Coffee
MCLOUD,Computers - Software & Consulting
MCON,Unknown
MCX,Exchange and Data Platform
MDL,Unknown
MEDANTA,Hospital
MEDIASSIST,Insurance Distributors
MEDICAMEQ,Pharmaceuticals
MEDICO,Pharmaceuticals
MEDIORG,Unknown
MEDISTEP,Unknown
MEDPLUS,Pharmacy Retail
MEESHO,Unknown
MEGAFLEX,Unknown
MEGASOFT,Other Telecom Services
MEGASTAR,Other Food Products
MEGATHERM,Unknown
MEIL,Unknown
MENONBE,Auto Components & Equipments
METAL,Unknown
METALIETF,ETF
METROBRAND,Footwear
METROPOLIS,Healthcare Service Provider
MFML,Unknown
MFSL,Life Insurance
MGEL,Other Agricultural Products
MGL,LPG/CNG/PNG/LNG Supplier
MGSL,Unknown
MHHL,Unknown
MHLXMIRU,Other Textile Products
MHRIL,Hotels & Resorts
MICEL,Other Industrial Products
MICROPRO,Unknown
MID150,Unknown
MID150BEES,ETF
MID150CASE,ETF
MIDCAP,ETF
MIDCAPETF,ETF
MIDCAPIETF,ETF
MIDHANI,Aerospace & Defense
MIDQ50ADD,ETF
MIDSELIETF,ETF
MIDSMALL,ETF
MIDWESTLTD,Unknown
MIEL,Unknown
MINDACORP,Auto Components & Equipments
MINDSPACE,Unknown
MINDTECK,Computers - Software & Consulting
MIRCELECTR,Consumer Electronics
MIRZAINT,Leather And Leather Products
MITCON,Consulting Services
MITTAL,Garments & Apparels
MKPL,Edible Oil
MMEL,Unknown
MMFL,Auto Components & Equipments
MMP,Aluminium
MMTC,Trading & Distributors
MNC,ETF
MOALPHA50,ETF
MOBIKWIK,Financial Technology (Fintech)
MOCAPITAL,ETF
MODEFENCE,ETF
MODINATUR,Unknown
MODIRUBBER,Tyres & Rubber Products
MODIS,Unknown
MODISONLTD,Other Electrical Equipment
MODTHREAD,Other Textile Products
MOENERGY,Unknown
MOGOLD,ETF
MOGSEC,ETF
MOHEALTH,ETF
MOHITIND,Other Textile Products
MOIL,Industrial Minerals
MOINFRA,ETF
MOIPO,Unknown
MOKSH,"Gems, Jewellery And Watches"
MOL,Pesticides & Agrochemicals
MOLDTECH,Civil Construction
MOLDTKPAC,Packaging
MOLOWVOL,ETF
MOM100,ETF
MOM30IETF,ETF
MOM50,ETF
MOMENTUM,ETF
MOMENTUM30,Unknown
MOMENTUM50,ETF
MOMGF,ETF
MOMIDMTM,ETF
MOMNC,Unknown
MOMOMENTUM,ETF
MON100,ETF
MON50EQUAL,ETF
MONARCH,Stockbroking & Allied
MONEXT50,Unknown
MONEYBOXX,Unknown
MONIFTY100,Unknown
MONIFTY500,ETF
MONOLITH,Unknown
MONOPHARMA,Unknown
MONQ50,ETF
MONTECARLO,Garments & Apparels
MOPSE,ETF
MOQUALITY,ETF
MOREALTY,ETF
MOREPENLAB,Pharmaceuticals
MOS,Unknown
MOSCHIP,Computers Hardware & Equipments
MOSERVICE,Unknown
MOSILVER,Unknown
MOSMALL250,ETF
MOTHERSON,Auto Components & Equipments
MOTILALOFS,Stockbroking & Allied
MOTISONS,"Gems, Jewellery And Watches"
MOTOGENFIN,Diversified Commercial Services
MOTOUR,ETF
MOVALUE,ETF
MOXSH,Unknown
MPEL,Unknown
MPHASIS,Computers - Software & Consulting
MPSLTD,E-Learning
MRF,Tyres & Rubber Products
MRIL,Unknown
MRPL,Refineries & Marketing
MSCIADD,Unknown
MSCIINDIA,ETF
MSPL,Iron & Steel Products
MSTCLTD,Trading & Distributors
MSUMI,Auto Components & Equipments
MTARTECH,Aerospace & Defense
MTEDUCARE,Unknown
MTNL,Telecom - Cellular & Fixed line services
MUFIN,Non Banking Financial Company (NBFC)
MUFTI,Speciality Retail
MUKANDLTD,Iron & Steel
MUKKA,Animal Feed
MUKTAARTS,"Film Production, Distribution & Exhibition"
MULTICAP,ETF
MUNISH,Unknown
MUNJALAU,Auto Components & Equipments
MUNJALSHOW,Auto Components & Equipments
MURUDCERA,Ceramics
MUTHOOTCAP,Non Banking Financial Company (NBFC)
MUTHOOTFIN,Non Banking Financial Company (NBFC)
MUTHOOTMF,Microfinance Institutions
MVGJL,"Gems, Jewellery And Watches"
MVKAGRO,Unknown
MWL,Unknown
MYMUDRA,Unknown
NACLIND,Pesticides & Agrochemicals
NAGAFERT,Fertilizers
NAGREEKCAP,Investment Company
NAGREEKEXP,Other Textile Products
NAHARCAP,Investment Company
NAHARINDUS,Other Textile Products
NAHARPOLY,Packaging
NAHARSPING,Other Textile Products
NAM-INDIA,Unknown
NAMAN,Unknown
NAMOEWASTE,Unknown
NARMADA,Animal Feed
NATCAPSUQ,Pharmaceuticals
NATCOPHARM,Pharmaceuticals
NATHBIOGEN,Other Agricultural Products
NATIONALUM,Aluminium
NAUKRI,Internet & Catalogue Retail
NAVA,Power Generation
NAVINFLUOR,Specialty Chemicals
NAVKARCORP,Logistics Solution Provider
NAVKARURB,Civil Construction
NAVNETEDUL,Printing & Publication
NAZARA,Digital Entertainment
NBCC,Civil Construction
NBIFIN,Non Banking Financial Company (NBFC)
NCC,Civil Construction
NCLIND,Cement & Cement Products
NDGL,Non Banking Financial Company (NBFC)
NDL,Other Textile Products
NDLVENTURE,Other Financial Services
NDRAUTO,Auto Components & Equipments
NDTV,TV Broadcasting & Software Production
NECCLTD,Logistics Solution Provider
NECLIFE,Pharmaceuticals
NEELAM,Unknown
NELCAST,Castings & Forgings
NELCO,Computers Hardware & Equipments
NEOCHEM,Unknown
NEOGEN,Specialty Chemicals
NEPHROCARE,Unknown
NEPTUNE,Unknown
NESCO,Diversified Commercial Services
NESTLEIND,Packaged Foods
NETF,ETF
NETWEB,IT Enabled Services
NETWORK18,Media & Entertainment
NEULANDLAB,Pharmaceuticals
NEWGEN,Computers - Software & Consulting
NEWJAISA,Unknown
NEXT30ADD,ETF
NEXT50,ETF
NEXT50IETF,ETF
NEXTMEDIA,Media & Entertainment
NFL,Fertilizers
NGIL,Packaged Foods
NGLFINE,Pharmaceuticals
NH,Hospital
NHIT,Unknown
NHPC,Power Generation
NIACL,General Insurance
NIBE,Aerospace & Defense
NIBL,Abrasives & Bearings
NIDAN,Unknown
NIF100BEES,ETF
NIF100IETF,ETF
NIF10GETF,ETF
NIF5GETF,ETF
NIFITETF,ETF
NIFMID150,ETF
NIFTY1,ETF
NIFTY100EW,ETF
NIFTYADD,Unknown
NIFTYBEES,ETF
NIFTYBETF,ETF
NIFTYCASE,Unknown
NIFTYETF,ETF
NIFTYIETF,ETF
NIFTYQLITY,ETF
NIITLTD,Education
NIITMTS,Education
NIKITA,Unknown
NILAINFRA,"Residential, Commercial Projects"
NILASPACES,"Residential, Commercial Projects"
NILKAMAL,Plastic Products - Consumer
NINSYS,Computers - Software & Consulting
NIPPOBATRY,Household Products
NIRAJ,Civil Construction
NIRAJISPAT,Plastic Products - Consumer
NIRMAN,Unknown
NITCO,Ceramics
NITINSPIN,Other Textile Products
NITIRAJ,Consumer Electronics
NIVABUPA,General Insurance
NKIND,Edible Oil
NLCINDIA,Power Generation
NMDC,Industrial Minerals
NOCIL,Specialty Chemicals
NOIDATOLL,"Road AssetsToll, Annuity, Hybrid-Annuity"
NORBTEAEXP,Unknown
NORTHARC,Non Banking Financial Company (NBFC)
NOVAAGRI,Fertilizers
NPBET,ETF
NPST,IT Enabled Services
NRAIL,Paper & Paper Products
NRBBEARING,Auto Components & Equipments
NRL,Trading - Metals
NRVANDANA,Unknown
NSIL,Investment Company
NSLNISP,Iron & Steel
NTPC,Power Generation
NTPCGREEN,Power Generation
NUCLEUS,Software Products
NURECA,Medical Equipment & Supplies
NUVAMA,Stockbroking & Allied
NUVOCO,Cement & Cement Products
NV20,ETF
NV20BEES,ETF
NV20IETF,ETF
NXST,Unknown
NYKAA,E-Retail/ E-Commerce
OAL,Specialty Chemicals
OBCL,Logistics Solution Provider
OBEROIRLTY,"Residential, Commercial Projects"
OBSCP,Unknown
OCCLLTD,Commodity Chemicals
ODIGMA,IT Enabled Services
OFSS,Software Products
OIL,Oil Exploration & Production
OILCOUNTUB,Oil Equipment & Services
OILIETF,ETF
OLAELEC,2/3 Wheelers
OLECTRA,Passenger Cars & Utility Vehicles
OLIL,Unknown
OMAXAUTO,Auto Components & Equipments
OMAXE,"Residential, Commercial Projects"
OMFREIGHT,Unknown
OMINFRAL,Civil Construction
ONDOOR,Unknown
ONELIFECAP,Stockbroking & Allied
ONEPOINT,Business Process Outsourcing (BPO)/ Knowledge Process Outsourcing (KPO)
ONESOURCE,Pharmaceuticals
ONGC,Oil Exploration & Production
ONMOBILE,Web based media and service
ONWARDTEC,IT Enabled Services
ONYX,Unknown
OPTIEMUS,Telecom -  Equipment & Accessories
OPTIVALUE,Unknown
ORBTEXP,Other Textile Products
ORCHASP,Computers - Software & Consulting
ORCHPHARMA,Pharmaceuticals
ORIANA,Unknown
ORICONENT,Packaging
ORIENTALTL,Granites & Marbles
ORIENTBELL,Ceramics
ORIENTCEM,Cement & Cement Products
ORIENTCER,Electrodes & Refractories
ORIENTELEC,Household Appliances
ORIENTHOT,Hotels & Resorts
ORIENTLTD,Packaging
ORIENTPPR,Paper & Paper Products
ORIENTTECH,IT Enabled Services
ORISSAMINE,Industrial Minerals
ORKLAINDIA,Unknown
ORTINGLOBE,Pharmaceuticals
OSELDEVICE,Unknown
OSIAHYPER,Diversified Retail
OSWALAGRO,Trading & Distributors
OSWALGREEN,Investment Company
OSWALPUMPS,"Compressors, Pumps & Diesel Engines"
OSWALSEEDS,Other Agricultural Products
OWAIS,Unknown
PACEDIGITK,Unknown
PAGEIND,Garments & Apparels
PAISALO,Non Banking Financial Company (NBFC)
PAKKA,Paper & Paper Products
PALASHSECU,Packaged Foods
PALREDTEC,IT Enabled Services
PANACEABIO,Pharmaceuticals
PANACHE,Unknown
PANAMAPET,Lubricants
PANSARI,"Residential, Commercial Projects"
PAR,Pharmaceuticals
PARACABLES,Cables - Electricals
PARADEEP,Fertilizers
PARAGMILK,Dairy Products
PARAGON,Unknown
PARAMOUNT,Unknown
PARAS,Aerospace & Defense
PARASPETRO,Investment Company
PARIN,Unknown
PARKHOTELS,Hotels & Resorts
PARSVNATH,"Residential, Commercial Projects"
PARTH,Unknown
PARTYCRUS,Unknown
PASHUPATI,Other Textile Products
PASUPTAC,Petrochemicals
PATANJALI,Edible Oil
PATELEG-RE,Unknown
PATELENG,Civil Construction
PATELRMART,Unknown
PATILAUTOM,Unknown
PATINTLOG,Logistics Solution Provider
PAUSHAKLTD,Unknown
PAVNAIND,Auto Components & Equipments
PAYTM,Financial Technology (Fintech)
PCBL,Carbon Black
PCCL,Unknown
PCJEWELLER,"Gems, Jewellery And Watches"
PDMJEPAPER,Paper & Paper Products
PDSL,Trading - Textile Products
PEARLPOLY,Plastic Products - Consumer
PELATRO,Unknown
PENIND,Industrial Products
PENINLAND,"Residential, Commercial Projects"
PERSISTENT,Computers - Software & Consulting
PETRONET,LPG/CNG/PNG/LNG Supplier
PFC,Financial Institution
PFIZER,Pharmaceuticals
PFOCUS,Media & Entertainment
PFS,Non Banking Financial Company (NBFC)
PGEL,Consumer Electronics
PGHH,Personal Care
PGHL,Pharmaceuticals
PGIL,Garments & Apparels
PGINVIT,Unknown
PHANTOMFX,Unknown
PHARMABEES,ETF
PHOENIXLTD,"Residential, Commercial Projects"
PHOGLOBAL,Unknown
PICCADIL,Breweries & Distilleries
PIDILITIND,Specialty Chemicals
PIGL,Unknown
PIIND,Pesticides & Agrochemicals
PILANIINVS,Holding Company
PILITA,Plastic Products - Consumer
PINELABS,Unknown
PIONEEREMB,Other Textile Products
PIRAMALFIN,Unknown
PITTIENG,Industrial Products
PIXTRANS,Rubber
PKTEA,Tea & Coffee
PLASTIBLEN,Specialty Chemicals
PLATIND,Specialty Chemicals
PLAZACABLE,Cables - Electricals
PNB,Public Sector Bank
PNBGILTS,Investment Company
PNBHOUSING,Housing Finance Company
PNC,"Film Production, Distribution & Exhibition"
PNCINFRA,Civil Construction
PNGJL,"Gems, Jewellery And Watches"
POCL,Diversified Metals
PODDARMENT,Dyes And Pigments
POKARNA,Granites & Marbles
POLICYBZR,Financial Technology (Fintech)
POLYCAB,Cables - Electricals
POLYMED,Medical Equipment & Supplies
POLYPLEX,Packaging
POLYSIL,Unknown
PONNIERODE,Sugar
POONAWALLA,Non Banking Financial Company (NBFC)
POSITRON,Unknown
POWERGRID,Power - Transmission
POWERINDIA,Heavy Electrical Equipment
POWERMECH,Civil Construction
PPAP,Auto Components & Equipments
PPL,Plastic Products - Industrial
PPLPHARMA,Pharmaceuticals
PPSL,Unknown
PRABHA,Oil Exploration & Production
PRAENG,"Residential, Commercial Projects"
PRAJIND,Industrial Products
PRAKASH,Iron & Steel
PRAKASHSTL,Iron & Steel Products
PRAMARA,Unknown
PRANIK,Unknown
PRATHAM,Unknown
PRAXIS,Speciality Retail
PRECAM,Auto Components & Equipments
PRECISION,Unknown
PRECOT,Other Textile Products
PRECWIRE,"Aluminium, Copper & Zinc Products"
PREMEXPLN,Explosives
PREMIER,Unknown
PREMIERENE,Other Electrical Equipment
PREMIERPOL,Plastic Products - Industrial
PREMIUM,Unknown
PRESSTONIC,Unknown
PRESTIGE,"Residential, Commercial Projects"
PRICOLLTD,Auto Components & Equipments
PRIMECAB,Unknown
PRIMESECU,Other Financial Services
PRIMO,Commodity Chemicals
PRINCEPIPE,Plastic Products - Industrial
PRITI,"Furniture, Home Furnishing"
PRITIKA,Unknown
PRITIKAUTO,Auto Components & Equipments
PRIVISCL,Specialty Chemicals
PRIZOR,Unknown
PRLIND,Unknown
PROFX,Unknown
PROLIFE,Unknown
PROPEQUITY,Unknown
PROSTARM,Other Electrical Equipment
PROTEAN,IT Enabled Services
PROV,Unknown
PROZONER,"Residential, Commercial Projects"
PRSMJOHNSN,Cement & Cement Products
PRUDENT,Financial Products Distributor
PRUDMOULI,Sugar
PSB,Public Sector Bank
PSFL,Unknown
PSPPROJECT,Civil Construction
PSRAJ,Unknown
PSUBANK,ETF
PSUBANKADD,ETF
PSUBNKBEES,ETF
PSUBNKIETF,ETF
PTC,Power Trading
PTCIL,Other Industrial Products
PTL,Diversified Commercial Services
PULZ,Unknown
PUNJABCHEM,Pesticides & Agrochemicals
PURPLEUTED,Unknown
PURVA,"Residential, Commercial Projects"
PURVFLEXI,Unknown
PUSHPA,Unknown
PVP,"Residential, Commercial Projects"
PVRINOX,"Film Production, Distribution & Exhibition"
PVSL,Auto Dealer
PVTBANIETF,ETF
PVTBANKADD,ETF
PWL,Unknown
PYRAMID,Packaging
QGOLDHALF,ETF
QNIFTY,Unknown
QPOWER,Heavy Electrical Equipment
QUADFUTURE,Cables - Electricals
QUADPRO,Unknown
QUAL30IETF,ETF
QUALITY30,ETF
QUESS,Diversified Commercial Services
QUESTLAB,Unknown
QUICKHEAL,Software Products
QUICKTOUCH,Unknown
QUINTEGRA,Unknown
QVCEL,Unknown
RACE,Waste Management
RACLGEAR,Auto Components & Equipments
RADAAN,Media & Entertainment
RADHIKAJWE,"Gems, Jewellery And Watches"
RADIANTCMS,Diversified Commercial Services
RADICO,Breweries & Distilleries
RADIOCITY,Media & Entertainment
RADIOWALLA,Unknown
RAILTEL,Other Telecom Services
RAIN,Petrochemicals
RAINBOW,Hospital
RAJESHEXPO,"Gems, Jewellery And Watches"
RAJINDLTD,Unknown
RAJMET,"Aluminium, Copper & Zinc Products"
RAJOOENG,Industrial Products
RAJPUTANA,Unknown
RAJRATAN,Auto Components & Equipments
RAJRILTD,Unknown
RAJSREESUG,Sugar
RAJTV,TV Broadcasting & Software Production
RALLIS,Pesticides & Agrochemicals
RAMANEWS,Paper & Paper Products
RAMAPHO,Fertilizers
RAMASTEEL,Iron & Steel Products
RAMCOCEM,Cement & Cement Products
RAMCOIND,Other Construction Materials
RAMCOSYS,Software Products
RAMKY,Civil Construction
RAMRAT,Other Electrical Equipment
RANASUG,Sugar
RANEHOLDIN,Holding Company
RAPIDFLEET,Unknown
RAPPID,Unknown
RATEGAIN,Computers - Software & Consulting
RATNAMANI,Iron & Steel Products
RATNAVEER,Iron & Steel Products
RAYMOND,"Residential, Commercial Projects"
RAYMONDLSL,Other Textile Products
RAYMONDREL,"Residential, Commercial Projects"
RBA,Restaurants
RBLBANK,Private Sector Bank
RBMINFRA,Unknown
RBS,Unknown
RBZJEWEL,"Gems, Jewellery And Watches"
RCDL,Unknown
RCF,Fertilizers
RCOM,Unknown
READYMIX,Unknown
RECLTD,Financial Institution
REDINGTON,Trading & Distributors
REDTAPE,Footwear
REFEX,Industrial Gases
REFRACTORY,Unknown
REGAAL,Unknown
REGENCERAM,Ceramics
RELAXO,Footwear
RELCHEMQ,Other Textile Products
RELIABLE,Other Financial Services
RELIANCE,Refineries & Marketing
RELIGARE,Investment Company
RELINFRA,Integrated Power Utilities
RELTD,Other Electrical Equipment
REMSONSIND,Auto Components & Equipments
REMUS,Unknown
RENUKA,Sugar
REPCOHOME,Housing Finance Company
REPL,Civil Construction
REPRO,Printing & Publication
RESPONIND,"Furniture, Home Furnishing"
RETAIL,Diversified Retail
REXPIPES,Unknown
REXPRO,Unknown
RGL,"Gems, Jewellery And Watches"
RHETAN,Unknown
RHIM,Electrodes & Refractories
RHL,Hotels & Resorts
RICHA,Unknown
RICOAUTO,Auto Components & Equipments
RIIL,Logistics Solution Provider
RILINFRA,Unknown
RISHABH,Other Electrical Equipment
RITCO,Logistics Solution Provider
RITES,Civil Construction
RKDL,Breweries & Distilleries
RKEC,Civil Construction
RKFORGE,Auto Components & Equipments
RKSWAMY,Advertising & Media Agencies
RMDRIP,Plastic Products - Industrial
RML,Auto Components & Equipments
RNBDENIMS,Unknown
RNFI,Unknown
RNPL,Unknown
ROCKINGDCE,Unknown
ROHLTD,Hotels & Resorts
ROLEXRINGS,Auto Components & Equipments
ROLLT,Packaging
ROML,Edible Oil
ROSSARI,Specialty Chemicals
ROSSELLIND,Tea & Coffee
ROSSTECH,Aerospace & Defense
ROTO,"Compressors, Pumps & Diesel Engines"
ROUTE,Other Telecom Services
ROXHITECH,Unknown
RPEL,Electrodes & Refractories
RPGLIFE,Pharmaceuticals
RPOWER,Power Generation
RPPINFRA,Civil Construction
RPPL,Packaging
RPSGVENT,Business Process Outsourcing (BPO)/ Knowledge Process Outsourcing (KPO)
RPTECH,Computers Hardware & Equipments
RRKABEL,Cables - Electricals
RSSOFTWARE,Unknown
RSWM,Other Textile Products
RSYSTEMS,IT Enabled Services
RTNINDIA,E-Retail/ E-Commerce
RTNPOWER,Power Generation
RUBFILA,Rubber
RUBICON,Unknown
RUBYMILLS,Other Textile Products
RUCHINFRA,Diversified Commercial Services
RUCHIRA,Paper & Paper Products
RULKA,Unknown
RUPA,Garments & Apparels
RUSHIL,Plywood Boards/ Laminates
RUSTOMJEE,"Residential, Commercial Projects"
RVHL,"Residential, Commercial Projects"
RVNL,Civil Construction
RVTH,Industrial Products
S&SPOWER,Unknown
SAAKSHI,Unknown
SAATVIKGL,Unknown
SABEVENTS,Unknown
SABTNL,TV Broadcasting & Software Production
SACHEEROME,Unknown
SADBHAV,Civil Construction
SADBHIN,Civil Construction
SADHAV,Unknown
SADHNANIQ,Commodity Chemicals
SAFARI,Plastic Products - Consumer
SAFEENTP,Unknown
SAGARDEEP,"Aluminium, Copper & Zinc Products"
SAGCEM,Cement & Cement Products
SAGILITY,IT Enabled Services
SAHAJSOLAR,Unknown
SAHANA,Unknown
SAHASRA,Unknown
SAHYADRI,Other Construction Materials
SAIFL,Unknown
SAIL,Iron & Steel
SAILIFE,Pharmaceuticals
SAJHOTELS,Unknown
SAKAR,Pharmaceuticals
SAKHTISUG,Sugar
SAKSOFT,Computers - Software & Consulting
SAKUMA,Trading & Distributors
SALASAR,Industrial Products
SALONA,Other Textile Products
SALSTEEL,Sponge Iron
SALZERELEC,Other Electrical Equipment
SAMAY,Unknown
SAMBHAAV,Electronic Media
SAMBHV,Iron & Steel Products
SAMHI,Hotels & Resorts
SAMMAANCAP,Housing Finance Company
SAMPANN,Rubber
SANATHAN,Other Textile Products
SANDESH,Print Media
SANDHAR,Auto Components & Equipments
SANDUMA,Coal
SANGAMIND,Other Textile Products
SANGANI,Unknown
SANGHIIND,Cement & Cement Products
SANGHVIMOV,Diversified Commercial Services
SANGINITA,Specialty Chemicals
SANOFI,Pharmaceuticals
SANOFICONR,Pharmaceuticals
SANSERA,Auto Components & Equipments
SANSTAR,Other Agricultural Products
SAPPHIRE,Restaurants
SARDAEN,Iron & Steel
SAREGAMA,Media & Entertainment
SARLAPOLY,Other Textile Products
SAROJA,Unknown
SARTELE,Unknown
SARVESHWAR,Other Agricultural Products
SASKEN,IT Enabled Services
SASTASUNDR,Healthcare Service Provider
SATECH,Unknown
SATIA,Paper & Paper Products
SATIN,Unknown
SATIPOLY,Unknown
SATKARTAR,Unknown
SATTVAENGG,Unknown
SAURASHCEM,Cement & Cement Products
SAVY,Unknown
SAWALIYA,Unknown
SBC,Garments & Apparels
SBCL,Iron & Steel Products
SBFC,Non Banking Financial Company (NBFC)
SBGLP,"Residential, Commercial Projects"
SBIBPB,ETF
SBICARD,Non Banking Financial Company (NBFC)
SBIETFCON,ETF
SBIETFIT,ETF
SBIETFPB,ETF
SBIETFQLTY,ETF
SBILIFE,Life Insurance
SBILIQETF,Unknown
SBIN,Public Sector Bank
SBINEQWETF,ETF
SBISILVER,ETF
SCHAEFFLER,Auto Components & Equipments
SCHAND,Printing & Publication
SCHNEIDER,Heavy Electrical Equipment
SCI,Shipping
SCILAL,Investment Company
SCODATUBES,Iron & Steel Products
SCPL,Dairy Products
SDBL,Breweries & Distilleries
SDL26BEES,ETF
SDREAMS,Unknown
SEAMECLTD,Shipping
SECL,Unknown
SECMARK,Computers - Software & Consulting
SECURKLOUD,IT Enabled Services
SEJALLTD,Glass - Industrial
SEL,Unknown
SELECTIPO,ETF
SELMC,Other Textile Products
SEMAC,Civil Construction
SENCO,"Gems, Jewellery And Watches"
SENORES,Pharmaceuticals
SENSEXADD,ETF
SENSEXETF,ETF
SENSEXIETF,ETF
SEPC,Civil Construction
SEQUENT,Pharmaceuticals
SERVOTECH,Other Electrical Equipment
SESHAPAPER,Paper & Paper Products
SETCO,Auto Components & Equipments
SETF10GILT,ETF
SETFGOLD,ETF
SETFNIF50,ETF
SETFNIFBK,ETF
SETFNN50,ETF
SEYAIND,Unknown
SFL,"Furniture, Home Furnishing"
SGFIN,Non Banking Financial Company (NBFC)
SGIL,Castings & Forgings
SGL,Other Textile Products
SGLTL,Industrial Products
SGMART,Unknown
SHAH,Iron & Steel Products
SHAHALLOYS,Iron & Steel Products
SHAILY,Plastic Products - Industrial
SHAKTIPUMP,"Compressors, Pumps & Diesel Engines"
SHALBY,Hospital
SHALPAINTS,Paints
SHANKARA,Speciality Retail
SHANTI,Edible Oil
SHANTIGEAR,Industrial Products
SHANTIGOLD,"Gems, Jewellery And Watches"
SHARDACROP,Pesticides & Agrochemicals
SHARDAMOTR,Auto Components & Equipments
SHAREINDIA,Stockbroking & Allied
SHARIABEES,ETF
SHEEL,Unknown
SHEETAL,Unknown
SHEKHAWATI,Unknown
SHEMAROO,Media & Entertainment
SHERA,Unknown
SHETHJI,Unknown
SHILCTECH,Unknown
SHILPAMED,Pharmaceuticals
SHIVALIK,Pesticides & Agrochemicals
SHIVAMAUTO,Auto Components & Equipments
SHIVAMILLS,Other Textile Products
SHIVASHRIT,Unknown
SHIVATEX,Other Textile Products
SHK,Specialty Chemicals
SHKSIL,Unknown
SHOPERSTOP,Diversified Retail
SHRADHA,"Residential, Commercial Projects"
SHREDIGCEM,Cement & Cement Products
SHREECEM,Cement & Cement Products
SHREEJISPG,Unknown
SHREEKARNI,Unknown
SHREEOSFM,Unknown
SHREEPUSHK,Dyes And Pigments
SHREERAMA,Packaging
SHREMINVIT,Unknown
SHRENIK,Paper & Paper Products
SHREYANIND,Paper & Paper Products
SHRIAHIMSA,Unknown
SHRIKANHA,Unknown
SHRINGARMS,Unknown
SHRIPISTON,Auto Components & Equipments
SHRIRAMFIN,Non Banking Financial Company (NBFC)
SHRIRAMPPS,"Residential, Commercial Projects"
SHUBHLAXMI,Unknown
SHUBHSHREE,Unknown
SHYAMCENT,Ferro & Silica Manganese
SHYAMMETL,Iron & Steel Products
SHYAMTEL,Trading & Distributors
SICALLOG,Unknown
SIDDHICOTS,Unknown
SIDDHIKA,Unknown
SIEMENS,Heavy Electrical Equipment
SIGACHI,Pharmaceuticals
SIGIND,Trading & Distributors
SIGMA,IT Enabled Services
SIGNATURE,"Residential, Commercial Projects"
SIGNPOST,Advertising & Media Agencies
SIKKO,Pesticides & Agrochemicals
SIL,Real Estate related services
SILGO,"Gems, Jewellery And Watches"
SILINV,Investment Company
SILKY,Unknown
SILLYMONKS,Media & Entertainment
SILVER,ETF
SILVER1,ETF
SILVER360,ETF
SILVERADD,ETF
SILVERAG,Unknown
SILVERBEES,ETF
SILVERBND,Unknown
SILVERCASE,ETF
SILVERETF,ETF
SILVERIETF,ETF
SILVERTUC,Computers - Software & Consulting
SIMPLEXINF,Civil Construction
SINCLAIR,Hotels & Resorts
SINDHUTRAD,Logistics Solution Provider
SINTERCOM,Auto Components & Equipments
SIRCA,Paints
SIS,Other Consumer Services
SIYSIL,Other Textile Products
SJLOGISTIC,Unknown
SJS,Auto Components & Equipments
SJVN,Power Generation
SKFINDIA,Abrasives & Bearings
SKFINDUS,Unknown
SKIPPER,Heavy Electrical Equipment
SKMEGGPROD,Meat Products including Poultry
SKP,Unknown
SKYGOLD,"Gems, Jewellery And Watches"
SMALL250,Unknown
SMALLCAP,Unknown
SMARTEN,Unknown
SMARTLINK,Computers Hardware & Equipments
SMARTWORKS,Diversified Commercial Services
SMCGLOBAL,Stockbroking & Allied
SML100CASE,Unknown
SMLMAH,Unknown
SMLT,Iron & Steel Products
SMSPHARMA,Pharmaceuticals
SMVD,Unknown
SNOWMAN,Logistics Solution Provider
SNXT30BEES,ETF
SOBHA,"Residential, Commercial Projects"
SOFTTECH,Computers - Software & Consulting
SOLARA,Pharmaceuticals
SOLARINDS,Explosives
SOLARWORLD,Unknown
SOLEX,Unknown
SOMANYCERA,Ceramics
SOMATEX,Other Textile Products
SOMICONVEY,Industrial Products
SONACOMS,Auto Components & Equipments
SONAMAC,Unknown
SONAMLTD,Consumer Electronics
SONATSOFTW,Computers - Software & Consulting
SONUINFRA,Unknown
SOTL,Lubricants
SOUTHBANK,Private Sector Bank
SOUTHWEST,Diversified Commercial Services
SPAL,Garments & Apparels
SPANDANA,Microfinance Institutions
SPARC,Pharmaceuticals
SPCENET,Trading & Distributors
SPCL,Unknown
SPEB,Unknown
SPECIALITY,Restaurants
SPECTRUM,Industrial Products
SPECTSTM,Unknown
SPENCERS,Diversified Retail
SPIC,Fertilizers
SPLIL,Trading - Textile Products
SPLPETRO,Petrochemicals
SPMLINFRA,Civil Construction
SPORTKING,Other Textile Products
SPPPOLY,Unknown
SPUNWEB,Unknown
SRD,Trading - Chemicals
SREEL,Footwear
SRF,Commodity Chemicals
SRGHFL,Housing Finance Company
SRHHYPOLTD,Commodity Chemicals
SRIVASAVI,Unknown
SRM,Civil Construction
SSDL,Garments & Apparels
SSEGL,Unknown
SSFL,Unknown
SSWL,Auto Components & Equipments
STALLION,Industrial Gases
STANLEY,"Furniture, Home Furnishing"
STAR,Pharmaceuticals
STARCEMENT,Cement & Cement Products
STARHEALTH,General Insurance
STARPAPER,Paper & Paper Products
STARTECK,Non Banking Financial Company (NBFC)
STCINDIA,Trading & Distributors
STEELCAS,Castings & Forgings
STEELCITY,Stockbroking & Allied
STEELXIND,Iron & Steel Products
STEL,Investment Company
STERTOOLS,Auto Components & Equipments
STLNETWORK,Unknown
STLTECH,Telecom -  Equipment & Accessories
STOVEKRAFT,Household Appliances
STUDDS,Unknown
STUDIOLSD,Unknown
STYL,Unknown
STYLAMIND,Plywood Boards/ Laminates
STYLEBAAZA,Speciality Retail
STYRENIX,Specialty Chemicals
SUBAHOTELS,Unknown
SUBEXLTD,Software Products
SUBROS,Other Industrial Products
SUDARSCHEM,Dyes And Pigments
SUDEEPPHRM,Unknown
SUKHJITS,Other Agricultural Products
SULA,Breweries & Distilleries
SUMEETINDS,Other Textile Products
SUMICHEM,Pesticides & Agrochemicals
SUMIT,"Residential, Commercial Projects"
SUMMITSEC,Investment Company
SUNCLAY,Auto Components & Equipments
SUNDARAM,Stationary
SUNDARMFIN,Non Banking Financial Company (NBFC)
SUNDRMBRAK,Auto Components & Equipments
SUNDRMFAST,Auto Components & Equipments
SUNDROP,Edible Oil
SUNFLAG,Iron & Steel Products
SUNLITE,Unknown
SUNPHARMA,Pharmaceuticals
SUNTECH,Unknown
SUNTECK,"Residential, Commercial Projects"
SUNTV,TV Broadcasting & Software Production
SUPERHOUSE,Leather And Leather Products
SUPERSPIN,Other Textile Products
SUPRAJIT,Auto Components & Equipments
SUPREME,"Residential, Commercial Projects"
SUPREMEIND,Plastic Products - Industrial
SUPREMEPWR,Unknown
SUPRIYA,Pharmaceuticals
SURAJEST,"Residential, Commercial Projects"
SURAJLTD,Iron & Steel Products
SURAKSHA,Healthcare Service Provider
SURANASOL,Heavy Electrical Equipment
SURANAT&P,Unknown
SURANI,Unknown
SURYALAXMI,Other Textile Products
SURYAROSNI,Iron & Steel Products
SURYODAY,Other Bank
SUTLEJTEX,Other Textile Products
SUVEN,"Healthcare Research, Analytics & Technology"
SUVIDHAA,Financial Technology (Fintech)
SUYOG,Telecom - Infrastructure
SUZLON,Heavy Electrical Equipment
SVLL,Logistics Solution Provider
SVPGLOB,Other Textile Products
SWANCORP,Unknown
SWANDEF,Unknown
SWARAJ,Unknown
SWARAJENG,"Compressors, Pumps & Diesel Engines"
SWASTIK,Unknown
SWELECTES,Heavy Electrical Equipment
SWIGGY,E-Retail/ E-Commerce
SWSOLAR,Civil Construction
SYLVANPLY,Unknown
SYMPHONY,Household Appliances
SYNCOMF,Pharmaceuticals
SYNGENE,"Healthcare Research, Analytics & Technology"
SYRMA,Industrial Products
SYSTANGO,Unknown
SYSTMTXC,Unknown
TAC,Unknown
TAINWALCHM,Plastic Products - Industrial
TAJGVK,Hotels & Resorts
TAKE,"Healthcare Research, Analytics & Technology"
TALBROAUTO,Auto Components & Equipments
TANKUP,Unknown
TANLA,Software Products
TARACHAND,Diversified Commercial Services
TARAPUR,Unknown
TARC,"Residential, Commercial Projects"
TARIL,Heavy Electrical Equipment
TARMAT,Civil Construction
TARSONS,Medical Equipment & Supplies
TASTYBITE,Packaged Foods
TATACAP,Unknown
TATACHEM,Commodity Chemicals
TATACOMM,Telecom - Cellular & Fixed line services
TATACONSUM,Tea & Coffee
TATAELXSI,Computers - Software & Consulting
TATAGOLD,ETF
TATAINVEST,Investment Company
TATAPOWER,Integrated Power Utilities
TATASTEEL,Iron & Steel
TATATECH,IT Enabled Services
TATSILV,ETF
TATVA,Specialty Chemicals
TAURIAN,Unknown
TBI,Unknown
TBOTEK,"Tour, Travel Related Services"
TBZ,"Gems, Jewellery And Watches"
TCI,Logistics Solution Provider
TCIEXP,Logistics Solution Provider
TCIFINANCE,Non Banking Financial Company (NBFC)
TCL,Unknown
TCPLPACK,Packaging
TCS,Computers - Software & Consulting
TDPOWERSYS,Heavy Electrical Equipment
TEAMGTY,Unknown
TEAMLEASE,Diversified Commercial Services
TECH,Unknown
TECHD,Unknown
TECHERA,Unknown
TECHLABS,Unknown
TECHM,Computers - Software & Consulting
TECHNOE,Civil Construction
TECILCHEM,Commodity Chemicals
TEGA,Industrial Products
TEJASCARGO,Unknown
TEJASNET,Telecom -  Equipment & Accessories
TEMBO,Unknown
TENNIND,Unknown
TERASOFT,IT Enabled Services
TEXINFRA,Diversified Commercial Services
TEXMOPIPES,Plastic Products - Industrial
TEXRAIL,Industrial Products
TFCILTD,Financial Institution
TFL,Non Banking Financial Company (NBFC)
TGBHOTELS,Hotels & Resorts
TGL,Unknown
THANGAMAYL,"Gems, Jewellery And Watches"
THEINVEST,Other Financial Services
THEJO,Industrial Products
THELEELA,Hotels & Resorts
THEMISMED,Pharmaceuticals
THERMAX,Heavy Electrical Equipment
THOMASCOOK,"Tour, Travel Related Services"
THOMASCOTT,Garments & Apparels
THYROCARE,Healthcare Service Provider
TI,Breweries & Distilleries
TICL,Civil Construction
TIGERLOGS,Unknown
TIIL,Iron & Steel Products
TIINDIA,Auto Components & Equipments
TIJARIA,Plastic Products - Industrial
TIL,Construction Vehicles
TIMESCAN,Unknown
TIMETECHNO,Plastic Products - Industrial
TIMKEN,Abrasives & Bearings
TINNARUBR,Rubber
TIPSFILMS,"Film Production, Distribution & Exhibition"
TIPSMUSIC,Media & Entertainment
TIRUMALCHM,Commodity Chemicals
TIRUPATIFL,Unknown
TITAGARH,Railway Wagons
TITAN,"Gems, Jewellery And Watches"
TMB,Private Sector Bank
TMCV,Unknown
TMPV,Unknown
TNIDETF,ETF
TNPETRO,Petrochemicals
TNPL,Paper & Paper Products
TNTELE,Telecom -  Equipment & Accessories
TOKYOPLAST,Plastic Products - Consumer
TOLINS,Tyres & Rubber Products
TOP100CASE,ETF
TOP10ADD,ETF
TOP15IETF,ETF
TORNTPHARM,Pharmaceuticals
TORNTPOWER,Integrated Power Utilities
TOTAL,Logistics Solution Provider
TOUCHWOOD,Other Consumer Services
TPHQ,Civil Construction
TPLPLASTEH,Packaging
TRACXN,Data Processing Services
TRANSRAILL,Heavy Electrical Equipment
TRANSTEEL,Unknown
TRANSWIND,Unknown
TRANSWORLD,Shipping
TRAVELFOOD,Restaurants
TREEHOUSE,Education
TREJHARA,Computers - Software & Consulting
TREL,Logistics Solution Provider
TRENT,Speciality Retail
TRF,Industrial Products
TRIDENT,Other Textile Products
TRIGYN,Computers - Software & Consulting
TRITURBINE,Heavy Electrical Equipment
TRIVENI,Sugar
TROM,Unknown
TRU,Unknown
TRUALT,Unknown
TRUST,Unknown
TSC,Unknown
TSFINV,Unknown
TTKHLTCARE,Diversified
TTKPRESTIG,Household Appliances
TTL,Other Textile Products
TTML,Telecom - Cellular & Fixed line services
TUNWAL,Unknown
TVSELECT,Computers Hardware & Equipments
TVSHLTD,Investment Company
TVSMOTOR,2/3 Wheelers
TVSSCS,Logistics Solution Provider
TVSSRICHAK,Tyres & Rubber Products
TVTODAY,TV Broadcasting & Software Production
TVVISION,Unknown
UBL,Breweries & Distilleries
UCAL,Auto Components & Equipments
UCOBANK,Public Sector Bank
UDS,Diversified Commercial Services
UEL,Unknown
UFBL,Unknown
UFLEX,Packaging
UFO,"Film Production, Distribution & Exhibition"
UGARSUGAR,Sugar
UGROCAP,Non Banking Financial Company (NBFC)
UHTL,Unknown
UJJIVANSFB,Other Bank
ULTRACEMCO,Cement & Cement Products
UMA,Unknown
UMAEXPORTS,Trading & Distributors
UMESLTD,E-Learning
UMIYA-MRO,Unknown
UNICHEMLAB,Pharmaceuticals
UNIDT,Industrial Products
UNIECOM,Software Products
UNIENTER,Trading - Chemicals
UNIHEALTH,Unknown
UNIINFO,Other Telecom Services
UNILEX,Unknown
UNIMECH,Aerospace & Defense
UNIONBANK,Public Sector Bank
UNIONGOLD,ETF
UNIPARTS,Auto Components & Equipments
UNITDSPR,Breweries & Distilleries
UNITECH,Unknown
UNITEDPOLY,Other Textile Products
UNITEDTEA,Tea & Coffee
UNIVAFOODS,Unknown
UNIVASTU,Civil Construction
UNIVCABLES,Cables - Electricals
UNIVPHOTO,Consumer Electronics
UNOMINDA,Auto Components & Equipments
UPL,Pesticides & Agrochemicals
URAVIDEF,Auto Components & Equipments
URBAN,Unknown
URBANCO,Unknown
URJA,Other Electrical Equipment
USASEEDS,Unknown
USHAFIN,Unknown
USHAMART,Iron & Steel Products
USK,Civil Construction
UTIAMC,Asset Management Company
UTIBANKETF,ETF
UTINEXT50,ETF
UTINIFTETF,ETF
UTISENSETF,ETF
UTISXN50,ETF
UTKARSHBNK,Other Bank
UTLSOLAR,Unknown
UTSSAV,Unknown
UTTAMSUGAR,Sugar
UYFINCORP,Non Banking Financial Company (NBFC)
V2RETAIL,Speciality Retail
VADILALIND,Dairy Products
VAIBHAVGBL,"Gems, Jewellery And Watches"
VAISHALI,Pharmaceuticals
VAKRANGEE,IT Enabled Services
VAL30IETF,ETF
VALIANTLAB,Pharmaceuticals
VALIANTORG,Specialty Chemicals
VARDHACRLC,Other Textile Products
VARDMNPOLY,Other Textile Products
VARROC,Auto Components & Equipments
VASCONEQ,"Residential, Commercial Projects"
VASWANI,Sponge Iron
VBL,Other Beverages
VCL,Garments & Apparels
VDEAL,Unknown
VEDL,Diversified Metals
VEEDOL,Lubricants
VEEKAYEM,Unknown
VELS,Unknown
VENKEYS,Meat Products including Poultry
VENTIVE,Hotels & Resorts
VENUSPIPES,Iron & Steel Products
VENUSREM,Pharmaceuticals
VERANDA,E-Learning
VERTIS,Unknown
VERTOZ,Advertising & Media Agencies
VESUVIUS,Electrodes & Refractories
VETO,Consumer Electronics
VGINFOTECH,Unknown
VGL,Unknown
VGUARD,Household Appliances
VHL,Investment Company
VHLTD,Unknown
VIAZ,Unknown
VIDHIING,Specialty Chemicals
VIDYAWIRES,Unknown
VIESL,Unknown
VIGOR,Unknown
VIJAYA,Healthcare Service Provider
VIJAYPD,Unknown
VIJIFIN,Non Banking Financial Company (NBFC)
VIKASECO,Specialty Chemicals
VIKASLIFE,Trading & Distributors
VIKRAMSOLR,Unknown
VIKRAN,Unknown
VILAS,Unknown
VILINBIO,Unknown
VIMTALABS,"Healthcare Research, Analytics & Technology"
VINATIORGA,Specialty Chemicals
VINCOFE,Trading & Distributors
VINDHYATEL,Telecom - Infrastructure
VINEETLAB,Pharmaceuticals
VINNY,Garments & Apparels
VINSYS,Unknown
VINYAS,Unknown
VINYLINDIA,Trading - Chemicals
VIPCLOTHNG,Garments & Apparels
VIPIND,Plastic Products - Consumer
VIPULLTD,"Residential, Commercial Projects"
VIRINCHI,Software Products
VISAKAIND,Cement & Cement Products
VISAMAN,Unknown
VISASTEEL,Unknown
VISHNU,Specialty Chemicals
VISHNUINFR,Unknown
VISHWARAJ,Sugar
VITAL,Unknown
VIVIANA,Unknown
VIVIDHA,Garments & Apparels
VLEGOV,IT Enabled Services
VLINFRA,Unknown
VLSFINANCE,Investment Company
VMARCIND,Unknown
VMART,Diversified Retail
VMM,Diversified Retail
VMSTMT,Unknown
VOLERCAR,Unknown
VOLTAMP,Heavy Electrical Equipment
VOLTAS,Household Appliances
VPRPL,Civil Construction
VR,Unknown
VRAJ,Sponge Iron
VRLLOG,Logistics Solution Provider
VSCL,Unknown
VSSL,Iron & Steel Products
VSTIND,Cigarettes & Tobacco Products
VSTL,Iron & Steel Products
VSTTILLERS,Tractors
VTL,Other Textile Products
WAAREEENER,Other Electrical Equipment
WAAREEINDO,Unknown
WAAREERTL,Other Electrical Equipment
WABAG,Water Supply & Management
WAKEFIT,Unknown
WALCHANNAG,Industrial Products
WANBURY,Pharmaceuticals
WCIL,Logistics Solution Provider
WEALTH,Other Financial Services
WEBELSOLAR,Other Electrical Equipment
WEIZMANIND,Other Textile Products
WEL,Household Appliances
WELCORP,Iron & Steel Products
WELENT,Civil Construction
WELINV,Investment Company
WELSPUNLIV,Other Textile Products
WENDT,Abrasives & Bearings
WESTLIFE,Restaurants
WEWIN,Business Process Outsourcing (BPO)/ Knowledge Process Outsourcing (KPO)
WEWORK,Unknown
WHEELS,Auto Components & Equipments
WHIRLPOOL,Household Appliances
WHITEFORCE,Unknown
WILLAMAGOR,Investment Company
WINDLAS,Pharmaceuticals
WINDMACHIN,Industrial Products
WINNY,Unknown
WINSOL,Unknown
WIPL,Plywood Boards/ Laminates
WIPRO,Computers - Software & Consulting
WOCKPHARMA,Pharmaceuticals
WOL3D,Unknown
WOMANCART,Unknown
WONDERLA,Amusement Parks/ Other Recreation
WORTHPERI,Unknown
WSI,Civil Construction
WSTCSTPAPR,Paper & Paper Products
WTICAB,Unknown
XCHANGING,Computers - Software & Consulting
XELPMOC,Software Products
XPROINDIA,Packaging
XTGLOBAL,Computers - Software & Consulting
YASHO,Specialty Chemicals
YASHOPTICS,Unknown
YATHARTH,Hospital
YATRA,"Tour, Travel Related Services"
YCCL,Unknown
YESBANK,Private Sector Bank
YUKEN,"Compressors, Pumps & Diesel Engines"
ZAGGLE,IT Enabled Services
ZEAL,Unknown
ZEEL,TV Broadcasting & Software Production
ZEELEARN,Education
ZEEMEDIA,TV Broadcasting & Software Production
ZENITHDRUG,Unknown
ZENITHEXPO,Leather And Leather Products
ZENITHSTL,Iron & Steel Products
ZENSARTECH,Computers - Software & Consulting
ZENTEC,Aerospace & Defense
ZFCVINDIA,Auto Components & Equipments
ZIMLAB,Pharmaceuticals
ZODIAC,Civil Construction
ZODIACLOTH,Garments & Apparels
ZOTA,Pharmaceuticals
ZTECH,Unknown
ZUARI,Fertilizers
ZUARIIND,Sugar
ZYDUSLIFE,Pharmaceuticals
ZYDUSWELL,Packaged Foods
